{
    "num_samples": 200,
    "full": {
        "EM": {
            "human_readable": "0.5399 +/- 0.0403",
            "mean": 0.5398981324278438,
            "variance": null,
            "95ci": 0.040250692278142874
        },
        "F1": {
            "human_readable": "0.5689 +/- 0.0389",
            "mean": 0.5689125776138656,
            "variance": 0.23113784478593513,
            "95ci": 0.038906380791284244
        }
    },
    "10": {
        "EM": {
            "human_readable": "0.6000 +/- 0.3036",
            "mean": 0.6,
            "variance": null,
            "95ci": 0.3036363148515985
        },
        "F1": {
            "human_readable": "0.6039 +/- 0.3471",
            "mean": 0.6039215686274509,
            "variance": 0.23543252595155711,
            "95ci": 0.3471011121639249
        }
    },
    "25": {
        "EM": {
            "human_readable": "0.6000 +/- 0.1920",
            "mean": 0.6,
            "variance": null,
            "95ci": 0.1920364670542124
        },
        "F1": {
            "human_readable": "0.4632 +/- 0.2004",
            "mean": 0.46316862745098036,
            "variance": 0.23560033734717417,
            "95ci": 0.20035782015543138
        }
    },
    "50": {
        "EM": {
            "human_readable": "0.5800 +/- 0.1368",
            "mean": 0.58,
            "variance": null,
            "95ci": 0.1368049245254782
        },
        "F1": {
            "human_readable": "0.6300 +/- 0.1357",
            "mean": 0.63,
            "variance": 0.22810000000000002,
            "95ci": 0.13573189435963862
        }
    },
    "100": {
        "EM": {
            "human_readable": "0.5800 +/- 0.0967",
            "mean": 0.58,
            "variance": null,
            "95ci": 0.09673568983167946
        },
        "F1": {
            "human_readable": "0.5735 +/- 0.0953",
            "mean": 0.5734938403329588,
            "variance": 0.23051564944787498,
            "95ci": 0.09526631417304401
        }
    }
}