{
    "num_samples": 5,
    "full": {
        "em": {
            "human_readable": "0.7036 +/- 0.0275",
            "mean": 0.703569894466849,
            "variance": 0.0004923028747186229,
            "95ci": 0.02754991573899981
        },
        "f1": {
            "human_readable": "0.7488 +/- 0.0290",
            "mean": 0.7488085612326625,
            "variance": 0.0005469295717511731,
            "95ci": 0.029038206671183914
        }
    },
    "10": {
        "em": {
            "human_readable": "0.6600 +/- 0.1266",
            "mean": 0.66,
            "variance": 0.010400000000000001,
            "95ci": 0.12662537912333285
        },
        "f1": {
            "human_readable": "0.7596 +/- 0.1374",
            "mean": 0.7595972850678734,
            "variance": 0.01223645565542611,
            "95ci": 0.13735102645759978
        }
    },
    "25": {
        "em": {
            "human_readable": "0.6720 +/- 0.0372",
            "mean": 0.672,
            "variance": 0.0008959999999999996,
            "95ci": 0.0371670501661631
        },
        "f1": {
            "human_readable": "0.7391 +/- 0.0561",
            "mean": 0.739113620123834,
            "variance": 0.002039354260486741,
            "95ci": 0.05607256541840479
        }
    },
    "50": {
        "em": {
            "human_readable": "0.6880 +/- 0.0600",
            "mean": 0.6880000000000001,
            "variance": 0.0023360000000000004,
            "95ci": 0.06001233269621345
        },
        "f1": {
            "human_readable": "0.7431 +/- 0.0430",
            "mean": 0.7430940025380558,
            "variance": 0.0011969190128470128,
            "95ci": 0.04295725005848848
        }
    }
}