{
    "num_samples": 200,
    "full": {
        "EM": {
            "human_readable": "0.7310 +/- 0.0417",
            "mean": 0.7310344827586207,
            "variance": null,
            "95ci": 0.041669730960290696
        },
        "F1": {
            "human_readable": "0.7745 +/- 0.0373",
            "mean": 0.7745203439229954,
            "variance": 0.1565426069644907,
            "95ci": 0.03728486387273595
        }
    },
    "10": {
        "EM": {
            "human_readable": "0.5000 +/- 0.3099",
            "mean": 0.5,
            "variance": null,
            "95ci": 0.30989751615228084
        },
        "F1": {
            "human_readable": "0.8000 +/- 0.2861",
            "mean": 0.8,
            "variance": 0.16,
            "95ci": 0.2861427623810289
        }
    },
    "25": {
        "EM": {
            "human_readable": "0.6400 +/- 0.1882",
            "mean": 0.64,
            "variance": null,
            "95ci": 0.18815654251584524
        },
        "F1": {
            "human_readable": "0.8667 +/- 0.1348",
            "mean": 0.8666666666666666,
            "variance": 0.10666666666666667,
            "95ci": 0.13481328951607446
        }
    },
    "50": {
        "EM": {
            "human_readable": "0.6800 +/- 0.1293",
            "mean": 0.68,
            "variance": null,
            "95ci": 0.12929821649064166
        },
        "F1": {
            "human_readable": "0.6844 +/- 0.1239",
            "mean": 0.6843911825599804,
            "variance": 0.19001147267171078,
            "95ci": 0.12388227714540542
        }
    },
    "100": {
        "EM": {
            "human_readable": "0.7100 +/- 0.0889",
            "mean": 0.71,
            "variance": null,
            "95ci": 0.08893572798267979
        },
        "F1": {
            "human_readable": "0.7366 +/- 0.0800",
            "mean": 0.7366287333115065,
            "variance": 0.1624579285652888,
            "95ci": 0.0799759875102699
        }
    }
}