{
    "num_samples": 5,
    "full": {
        "em": {
            "human_readable": "0.5589 +/- 0.0329",
            "mean": 0.5589222782377439,
            "variance": 0.0007020700238774507,
            "95ci": 0.03289987926953692
        },
        "f1": {
            "human_readable": "0.6050 +/- 0.0332",
            "mean": 0.6050093896556861,
            "variance": 0.0007133972180802662,
            "95ci": 0.03316422055813329
        }
    },
    "10": {
        "em": {
            "human_readable": "0.5333 +/- 0.1609",
            "mean": 0.5333333333333333,
            "variance": 0.01679012345679012,
            "95ci": 0.16089073429083206
        },
        "f1": {
            "human_readable": "0.6207 +/- 0.1069",
            "mean": 0.6206866039332979,
            "variance": 0.007407518313758475,
            "95ci": 0.10686622193572842
        }
    },
    "25": {
        "em": {
            "human_readable": "0.5250 +/- 0.0621",
            "mean": 0.5250000000000001,
            "variance": 0.0025000000000000027,
            "95ci": 0.062083199910188354
        },
        "f1": {
            "human_readable": "0.6545 +/- 0.0950",
            "mean": 0.6544818686325862,
            "variance": 0.005856582379528027,
            "95ci": 0.09502244857160322
        }
    },
    "50": {
        "em": {
            "human_readable": "0.5061 +/- 0.0587",
            "mean": 0.5061224489795919,
            "variance": 0.0022324031653477715,
            "95ci": 0.058666530331727404
        },
        "f1": {
            "human_readable": "0.6121 +/- 0.0718",
            "mean": 0.6121167024783654,
            "variance": 0.0033432334655176753,
            "95ci": 0.07179388279748922
        }
    },
    "100": {
        "em": {
            "human_readable": "0.5919 +/- 0.0721",
            "mean": 0.5919191919191918,
            "variance": 0.003371084583205795,
            "95ci": 0.07209230539006137
        },
        "f1": {
            "human_readable": "0.5953 +/- 0.0325",
            "mean": 0.595267973091007,
            "variance": 0.0006844469096308651,
            "95ci": 0.03248433439534464
        }
    }
}