{
    "num_samples": 5,
    "full": {
        "em": {
            "human_readable": "0.6111 +/- 0.0476",
            "mean": 0.6111154038731865,
            "variance": 0.0014705371538639067,
            "95ci": 0.047614813746035455
        },
        "f1": {
            "human_readable": "0.6683 +/- 0.0519",
            "mean": 0.6682917465644438,
            "variance": 0.0017440425954985278,
            "95ci": 0.051854044119926244
        }
    },
    "10": {
        "em": {
            "human_readable": "0.6222 +/- 0.2841",
            "mean": 0.6222222222222222,
            "variance": 0.05234567901234568,
            "95ci": 0.2840825174418917
        },
        "f1": {
            "human_readable": "0.8077 +/- 0.1634",
            "mean": 0.807677144932047,
            "variance": 0.017322231057623826,
            "95ci": 0.16342029971132907
        }
    },
    "25": {
        "em": {
            "human_readable": "0.6417 +/- 0.0702",
            "mean": 0.6416666666666666,
            "variance": 0.0031944444444444464,
            "95ci": 0.07017812469987172
        },
        "f1": {
            "human_readable": "0.7103 +/- 0.1306",
            "mean": 0.7102689862472472,
            "variance": 0.01106619181970275,
            "95ci": 0.1306180470258729
        }
    },
    "50": {
        "em": {
            "human_readable": "0.6245 +/- 0.0344",
            "mean": 0.6244897959183673,
            "variance": 0.0007663473552686372,
            "95ci": 0.034372959036671834
        },
        "f1": {
            "human_readable": "0.6606 +/- 0.0615",
            "mean": 0.6605735766342697,
            "variance": 0.0024532895204252745,
            "95ci": 0.061500477945264274
        }
    },
    "100": {
        "em": {
            "human_readable": "0.6061 +/- 0.0449",
            "mean": 0.6060606060606061,
            "variance": 0.0013059891847770628,
            "95ci": 0.04487184008400481
        },
        "f1": {
            "human_readable": "0.6752 +/- 0.0511",
            "mean": 0.675179323523262,
            "variance": 0.0016957112272932007,
            "95ci": 0.05113049966708719
        }
    }
}