{
    "num_samples": 200,
    "full": {
        "EM": {
            "human_readable": "0.7021 +/- 0.0431",
            "mean": 0.7020785219399538,
            "variance": null,
            "95ci": 0.04307724233986232
        },
        "F1": {
            "human_readable": "0.7545 +/- 0.0383",
            "mean": 0.7544790287075173,
            "variance": 0.16402357065481163,
            "95ci": 0.03825389967498139
        }
    },
    "10": {
        "EM": {
            "human_readable": "0.8000 +/- 0.2479",
            "mean": 0.8,
            "variance": null,
            "95ci": 0.2479180129218247
        },
        "F1": {
            "human_readable": "0.8800 +/- 0.2141",
            "mean": 0.8800000000000001,
            "variance": 0.08959999999999999,
            "95ci": 0.21412963610697544
        }
    },
    "25": {
        "EM": {
            "human_readable": "0.6400 +/- 0.1882",
            "mean": 0.64,
            "variance": null,
            "95ci": 0.18815654251584524
        },
        "F1": {
            "human_readable": "0.7360 +/- 0.1686",
            "mean": 0.736,
            "variance": 0.16692622222222223,
            "95ci": 0.16864777911565107
        }
    },
    "50": {
        "EM": {
            "human_readable": "0.7200 +/- 0.1245",
            "mean": 0.72,
            "variance": null,
            "95ci": 0.12445385476166948
        },
        "F1": {
            "human_readable": "0.8064 +/- 0.1080",
            "mean": 0.8063859649122808,
            "variance": 0.14428596614342876,
            "95ci": 0.10795215433575105
        }
    },
    "100": {
        "EM": {
            "human_readable": "0.7100 +/- 0.0889",
            "mean": 0.71,
            "variance": null,
            "95ci": 0.08893572798267979
        },
        "F1": {
            "human_readable": "0.7729 +/- 0.0799",
            "mean": 0.7728985760971055,
            "variance": 0.16211847116399672,
            "95ci": 0.07989238852038477
        }
    }
}