{
    "num_samples": 5,
    "full": {
        "em": {
            "human_readable": "0.5161 +/- 0.0891",
            "mean": 0.5160981337791261,
            "variance": 0.005148448454843316,
            "95ci": 0.089092731364167
        },
        "f1": {
            "human_readable": "0.5457 +/- 0.0868",
            "mean": 0.5456569767497188,
            "variance": 0.004887773421618765,
            "95ci": 0.08680797427281187
        }
    },
    "10": {
        "em": {
            "human_readable": "0.6200 +/- 0.2408",
            "mean": 0.62,
            "variance": 0.03760000000000001,
            "95ci": 0.24076758215085697
        },
        "f1": {
            "human_readable": "0.5249 +/- 0.0851",
            "mean": 0.5249386464263124,
            "variance": 0.004698901837562673,
            "95ci": 0.08511424973198013
        }
    },
    "25": {
        "em": {
            "human_readable": "0.4800 +/- 0.1369",
            "mean": 0.4800000000000001,
            "variance": 0.01216,
            "95ci": 0.13692125667964786
        },
        "f1": {
            "human_readable": "0.5378 +/- 0.0797",
            "mean": 0.5378232058100305,
            "variance": 0.004121650180572474,
            "95ci": 0.07971492713361106
        }
    },
    "50": {
        "em": {
            "human_readable": "0.5400 +/- 0.1206",
            "mean": 0.54,
            "variance": 0.00944,
            "95ci": 0.12063965489452391
        },
        "f1": {
            "human_readable": "0.5597 +/- 0.1047",
            "mean": 0.5596879027030909,
            "variance": 0.00711357288218729,
            "95ci": 0.10472442433428789
        }
    },
    "100": {
        "em": {
            "human_readable": "0.5100 +/- 0.1116",
            "mean": 0.51,
            "variance": 0.00808,
            "95ci": 0.11161171190443113
        },
        "f1": {
            "human_readable": "0.5430 +/- 0.0995",
            "mean": 0.5430374614370355,
            "variance": 0.006424642640626785,
            "95ci": 0.0995241728728
        }
    }
}