{
    "num_samples": 200,
    "full": {
        "EM": {
            "human_readable": "0.5170 +/- 0.0394",
            "mean": 0.5169628432956381,
            "variance": null,
            "95ci": 0.03936612804976025
        },
        "F1": {
            "human_readable": "0.5463 +/- 0.0381",
            "mean": 0.5463456575138205,
            "variance": 0.23314225806378153,
            "95ci": 0.0381122549140078
        }
    },
    "10": {
        "EM": {
            "human_readable": "0.8000 +/- 0.2479",
            "mean": 0.8,
            "variance": null,
            "95ci": 0.2479180129218247
        },
        "F1": {
            "human_readable": "0.4118 +/- 0.3444",
            "mean": 0.4117647058823529,
            "variance": 0.23183391003460208,
            "95ci": 0.3444381548833521
        }
    },
    "25": {
        "EM": {
            "human_readable": "0.6400 +/- 0.1882",
            "mean": 0.64,
            "variance": null,
            "95ci": 0.18815654251584524
        },
        "F1": {
            "human_readable": "0.4813 +/- 0.2057",
            "mean": 0.48131147540983604,
            "variance": 0.24838226283257192,
            "95ci": 0.20572100329594675
        }
    },
    "50": {
        "EM": {
            "human_readable": "0.5400 +/- 0.1381",
            "mean": 0.54,
            "variance": null,
            "95ci": 0.1381461813486295
        },
        "F1": {
            "human_readable": "0.5432 +/- 0.1407",
            "mean": 0.5432416362203596,
            "variance": 0.24507580184179326,
            "95ci": 0.1406920260890034
        }
    },
    "100": {
        "EM": {
            "human_readable": "0.5100 +/- 0.0980",
            "mean": 0.51,
            "variance": null,
            "95ci": 0.09797859762680128
        },
        "F1": {
            "human_readable": "0.5246 +/- 0.0966",
            "mean": 0.5246051869952322,
            "variance": 0.23706807892997236,
            "95ci": 0.09661080387469864
        }
    }
}