{
    "num_samples": 5,
    "full": {
        "em": {
            "human_readable": "0.5589 +/- 0.0329",
            "mean": 0.5589222782377439,
            "variance": 0.0007020700238774507,
            "95ci": 0.03289987926953692
        },
        "f1": {
            "human_readable": "0.6050 +/- 0.0332",
            "mean": 0.6050093896556861,
            "variance": 0.0007133972180802662,
            "95ci": 0.03316422055813329
        }
    },
    "10": {
        "em": {
            "human_readable": "0.7333 +/- 0.1407",
            "mean": 0.7333333333333332,
            "variance": 0.012839506172839502,
            "95ci": 0.140694865692592
        },
        "f1": {
            "human_readable": "0.7185 +/- 0.1145",
            "mean": 0.7185055571614596,
            "variance": 0.008500930129339692,
            "95ci": 0.11448202752191249
        }
    },
    "25": {
        "em": {
            "human_readable": "0.5583 +/- 0.1623",
            "mean": 0.5583333333333333,
            "variance": 0.017083333333333336,
            "95ci": 0.16228949039428725
        },
        "f1": {
            "human_readable": "0.5994 +/- 0.1697",
            "mean": 0.5994140891761601,
            "variance": 0.018677773432516826,
            "95ci": 0.1696940600154133
        }
    },
    "50": {
        "em": {
            "human_readable": "0.5265 +/- 0.0912",
            "mean": 0.5265306122448979,
            "variance": 0.0053977509371095364,
            "95ci": 0.09122429374558283
        },
        "f1": {
            "human_readable": "0.6286 +/- 0.0470",
            "mean": 0.6286442270771273,
            "variance": 0.0014326720626019961,
            "95ci": 0.04699779527212233
        }
    },
    "100": {
        "em": {
            "human_readable": "0.5313 +/- 0.0878",
            "mean": 0.5313131313131313,
            "variance": 0.005003571064177124,
            "95ci": 0.08783025126406901
        },
        "f1": {
            "human_readable": "0.6190 +/- 0.0303",
            "mean": 0.6190449777601231,
            "variance": 0.0005936208652104636,
            "95ci": 0.030252318761890006
        }
    }
}