{
    "num_samples": 5,
    "full": {
        "em": {
            "human_readable": "0.2513 +/- 0.0201",
            "mean": 0.25132649304176125,
            "variance": 0.0002610071017519069,
            "95ci": 0.02005996870431098
        },
        "f1": {
            "human_readable": "0.3148 +/- 0.0181",
            "mean": 0.31479147222360426,
            "variance": 0.00021132285967869168,
            "95ci": 0.01805000508315263
        }
    },
    "10": {
        "em": {
            "human_readable": "0.1778 +/- 0.1656",
            "mean": 0.17777777777777776,
            "variance": 0.017777777777777774,
            "95ci": 0.1655551997605022
        },
        "f1": {
            "human_readable": "0.3200 +/- 0.1626",
            "mean": 0.31999999999999995,
            "variance": 0.01715555555555555,
            "95ci": 0.16263217953980966
        }
    },
    "25": {
        "em": {
            "human_readable": "0.3250 +/- 0.1105",
            "mean": 0.32500000000000007,
            "variance": 0.007916666666666669,
            "95ci": 0.11047786392959735
        },
        "f1": {
            "human_readable": "0.3310 +/- 0.0938",
            "mean": 0.33099559881000035,
            "variance": 0.005711313282536475,
            "95ci": 0.09383656047902546
        }
    },
    "50": {
        "em": {
            "human_readable": "0.2857 +/- 0.0801",
            "mean": 0.2857142857142857,
            "variance": 0.004164931278633903,
            "95ci": 0.08013237393785962
        },
        "f1": {
            "human_readable": "0.3153 +/- 0.0646",
            "mean": 0.31526178882427,
            "variance": 0.0027033995711948796,
            "95ci": 0.06455935894292217
        }
    },
    "100": {
        "em": {
            "human_readable": "0.2626 +/- 0.0508",
            "mean": 0.26262626262626265,
            "variance": 0.0016732986429956124,
            "95ci": 0.050791474227197014
        },
        "f1": {
            "human_readable": "0.3334 +/- 0.0519",
            "mean": 0.33339824979456256,
            "variance": 0.001747793000045996,
            "95ci": 0.05190976787523375
        }
    }
}