{
    "num_samples": 5,
    "full": {
        "em": {
            "human_readable": "0.2967 +/- 0.0792",
            "mean": 0.2966524769481861,
            "variance": 0.004072858211993131,
            "95ci": 0.07924169099252301
        },
        "f1": {
            "human_readable": "0.3557 +/- 0.0608",
            "mean": 0.35570799060358743,
            "variance": 0.0023940285561806366,
            "95ci": 0.06075314322439547
        }
    },
    "10": {
        "em": {
            "human_readable": "0.2444 +/- 0.1609",
            "mean": 0.24444444444444446,
            "variance": 0.01679012345679012,
            "95ci": 0.16089073429083206
        },
        "f1": {
            "human_readable": "0.4735 +/- 0.1399",
            "mean": 0.4734961912266876,
            "variance": 0.012691720952286123,
            "95ci": 0.13988280952413554
        }
    },
    "25": {
        "em": {
            "human_readable": "0.3250 +/- 0.1003",
            "mean": 0.325,
            "variance": 0.0065277777777777764,
            "95ci": 0.10031982589619039
        },
        "f1": {
            "human_readable": "0.3255 +/- 0.0678",
            "mean": 0.3254683179774712,
            "variance": 0.002978678403516308,
            "95ci": 0.06776663131181856
        }
    },
    "50": {
        "em": {
            "human_readable": "0.3184 +/- 0.0691",
            "mean": 0.3183673469387755,
            "variance": 0.003098708871303623,
            "95ci": 0.06911852740452606
        },
        "f1": {
            "human_readable": "0.3448 +/- 0.0620",
            "mean": 0.3448221109864278,
            "variance": 0.002495716137708002,
            "95ci": 0.06202998592846506
        }
    },
    "100": {
        "em": {
            "human_readable": "0.2808 +/- 0.0830",
            "mean": 0.2808080808080808,
            "variance": 0.004464850525456586,
            "95ci": 0.08296741347476816
        },
        "f1": {
            "human_readable": "0.3879 +/- 0.0534",
            "mean": 0.3879137810080346,
            "variance": 0.0018463982841870868,
            "95ci": 0.05335397524779289
        }
    }
}