{
    "num_samples": 5,
    "full": {
        "em": {
            "human_readable": "0.2513 +/- 0.0201",
            "mean": 0.25132649304176125,
            "variance": 0.0002610071017519069,
            "95ci": 0.02005996870431098
        },
        "f1": {
            "human_readable": "0.3148 +/- 0.0181",
            "mean": 0.31479147222360426,
            "variance": 0.00021132285967869168,
            "95ci": 0.01805000508315263
        }
    },
    "10": {
        "em": {
            "human_readable": "0.2667 +/- 0.2065",
            "mean": 0.26666666666666666,
            "variance": 0.027654320987654323,
            "95ci": 0.2064836120342395
        },
        "f1": {
            "human_readable": "0.5230 +/- 0.1349",
            "mean": 0.5230079268174507,
            "variance": 0.01180794507689002,
            "95ci": 0.13492463479896744
        }
    },
    "25": {
        "em": {
            "human_readable": "0.2667 +/- 0.1590",
            "mean": 0.26666666666666666,
            "variance": 0.01638888888888889,
            "95ci": 0.15895670233473994
        },
        "f1": {
            "human_readable": "0.3340 +/- 0.0510",
            "mean": 0.33398433583959897,
            "variance": 0.001684957688707985,
            "95ci": 0.05096811698216016
        }
    },
    "50": {
        "em": {
            "human_readable": "0.2694 +/- 0.0839",
            "mean": 0.2693877551020408,
            "variance": 0.0045647646813827564,
            "95ci": 0.08389059720133712
        },
        "f1": {
            "human_readable": "0.3408 +/- 0.0695",
            "mean": 0.34083675267502994,
            "variance": 0.0031306322578463102,
            "95ci": 0.06947365009013208
        }
    },
    "100": {
        "em": {
            "human_readable": "0.2242 +/- 0.0444",
            "mean": 0.22424242424242427,
            "variance": 0.0012815018875624944,
            "95ci": 0.04444917597002974
        },
        "f1": {
            "human_readable": "0.3323 +/- 0.0414",
            "mean": 0.33229745325038945,
            "variance": 0.0011133028458636702,
            "95ci": 0.04142960080152618
        }
    }
}