{
    "num_samples": 5,
    "full": {
        "em": {
            "human_readable": "0.3056 +/- 0.0547",
            "mean": 0.3055931122429965,
            "variance": 0.0019425196461084753,
            "95ci": 0.05472512962524971
        },
        "f1": {
            "human_readable": "0.3896 +/- 0.0327",
            "mean": 0.3896087423342576,
            "variance": 0.0006952889737711728,
            "95ci": 0.03274060950968724
        }
    },
    "10": {
        "em": {
            "human_readable": "0.4444 +/- 0.1511",
            "mean": 0.4444444444444445,
            "variance": 0.014814814814814819,
            "95ci": 0.15113052903516824
        },
        "f1": {
            "human_readable": "0.4320 +/- 0.2870",
            "mean": 0.43204430781242376,
            "variance": 0.05343272944811865,
            "95ci": 0.2870170977903968
        }
    },
    "25": {
        "em": {
            "human_readable": "0.3333 +/- 0.1133",
            "mean": 0.33333333333333337,
            "variance": 0.008333333333333331,
            "95ci": 0.11334789677637615
        },
        "f1": {
            "human_readable": "0.4543 +/- 0.1042",
            "mean": 0.4542768229540101,
            "variance": 0.007048305320003586,
            "95ci": 0.10424289005563955
        }
    },
    "50": {
        "em": {
            "human_readable": "0.3306 +/- 0.0336",
            "mean": 0.33061224489795915,
            "variance": 0.0007330279050395675,
            "95ci": 0.03361741712436258
        },
        "f1": {
            "human_readable": "0.3919 +/- 0.0498",
            "mean": 0.39190696868537245,
            "variance": 0.0016088888268000236,
            "95ci": 0.04980433054922249
        }
    }
}