{
    "Jaccard": {
        "ours": {
            "n": 2000,
            "human_readable": "0.2384 +/- 0.0001",
            "mean": 0.23841579730553394,
            "variance": 0.00270373959322243,
            "95ci": 5.096936911316611e-05
        },
        "reference": {
            "n": 188,
            "human_readable": "0.1642 +/- 0.0005",
            "mean": 0.16420688775112272,
            "variance": 0.002158469993807168,
            "95ci": 0.00048566445987258545
        },
        "difference": 0.07420890955441123
    }
}