{
    "Jaccard": {
        "ours": {
            "n": 200,
            "human_readable": "0.2286 +/- 0.0004",
            "mean": 0.22859770173195462,
            "variance": 0.0017800736370899958,
            "95ci": 0.00041451356464527333
        },
        "reference": {
            "n": 188,
            "human_readable": "0.1642 +/- 0.0005",
            "mean": 0.16421726523559513,
            "variance": 0.0021591383739261224,
            "95ci": 0.0004857396481645603
        },
        "difference": 0.0643804364963595
    }
}