{
    "Jaccard": {
        "ours": {
            "n": 2000,
            "human_readable": "0.2368 +/- 0.0001",
            "mean": 0.23678096931457682,
            "variance": 0.002712709386165047,
            "95ci": 5.1053845838078886e-05
        },
        "reference": {
            "n": 188,
            "human_readable": "0.1642 +/- 0.0005",
            "mean": 0.16420688775112272,
            "variance": 0.002158469993807168,
            "95ci": 0.00048566445987258545
        },
        "difference": 0.0725740815634541
    }
}