{
    "Jaccard": {
        "ours": {
            "n": 200,
            "human_readable": "0.2349 +/- 0.0005",
            "mean": 0.23486985626824075,
            "variance": 0.002295187157736647,
            "95ci": 0.00047068332803201096
        },
        "reference": {
            "human_readable": "0.1642 +/- 0.0005",
            "mean": 0.16420688775112272,
            "variance": 0.002158469993807168,
            "95ci": 0.00048566445987258545
        },
        "difference": {
            "difference": 0.07066296851711804
        }
    }
}