{
    "num_samples": 5,
    "Jaccard": {
        "ours": {
            "human_readable": "0.2327 +/- 0.0032",
            "mean": 0.2326652634772714,
            "variance": 6.676902390535134e-06,
            "95ci": 0.003208422864926781
        },
        "reference": {
            "human_readable": "0.1642",
            "mean": 0.16420688775112272
        },
        "difference": {
            "difference": 0.06845837572614868,
            "within_ci": false
        }
    }
}