{
    "data/football/modifier/baseline-ssq-retrieval-40-50.json": {
        "n": 4489,
        "albert-squad": {
            "EM": {
                "human_readable": "0.7924 +/- 0.0119",
                "mean": 0.7923813766985965,
                "variance": null,
                "95ci": 0.011865159254017876
            },
            "F1": {
                "human_readable": "0.8409 +/- 0.0099",
                "mean": 0.8408561970094565,
                "variance": 0.11523355715203652,
                "95ci": 0.009932988032983654
            }
        },
        "bidaf-squad": {
            "EM": {
                "human_readable": "0.2947 +/- 0.0133",
                "mean": 0.2947204277121853,
                "variance": null,
                "95ci": 0.013337027918182864
            },
            "F1": {
                "human_readable": "0.3884 +/- 0.0131",
                "mean": 0.38836236609849906,
                "variance": 0.20152344672841735,
                "95ci": 0.013135699940956366
            }
        }
    },
    "data/football/modifier/intervention-ssq-retrieval-40-50.json": {
        "n": 6041,
        "albert-squad": {
            "EM": {
                "human_readable": "0.7188 +/- 0.0113",
                "mean": 0.7187551729846052,
                "variance": null,
                "95ci": 0.011337738512067541
            },
            "F1": {
                "human_readable": "0.7532 +/- 0.0105",
                "mean": 0.7532348783994786,
                "variance": 0.17283615036770988,
                "95ci": 0.010485713872605648
            }
        },
        "bidaf-squad": {
            "EM": {
                "human_readable": "0.1932 +/- 0.0100",
                "mean": 0.1931799370965072,
                "variance": null,
                "95ci": 0.00995549888077149
            },
            "F1": {
                "human_readable": "0.2401 +/- 0.0101",
                "mean": 0.24006081295904205,
                "variance": 0.16129185825058032,
                "95ci": 0.010129474914155064
            }
        }
    }
}