{
    "data/football/modifier/baseline-ssq-retrieval-40-50.json": {
        "n": 4489,
        "albert-squad": {
            "EM": {
                "human_readable": "0.5235 +/- 0.0146",
                "mean": 0.5235018935174872,
                "variance": null,
                "95ci": 0.014610430285385778
            },
            "F1": {
                "human_readable": "0.5630 +/- 0.0140",
                "mean": 0.563023622240654,
                "variance": 0.22915740058641507,
                "95ci": 0.014007394871916929
            }
        },
        "bidaf-squad": {
            "EM": {
                "human_readable": "0.2947 +/- 0.0133",
                "mean": 0.2947204277121853,
                "variance": null,
                "95ci": 0.013337027918182864
            },
            "F1": {
                "human_readable": "0.3884 +/- 0.0131",
                "mean": 0.38836236609849906,
                "variance": 0.20152344672841735,
                "95ci": 0.013135699940956366
            }
        }
    },
    "data/football/modifier/intervention-ssq-retrieval-40-50.json": {
        "n": 6041,
        "albert-squad": {
            "EM": {
                "human_readable": "0.3248 +/- 0.0118",
                "mean": 0.3247806654527396,
                "variance": null,
                "95ci": 0.01180894749394007
            },
            "F1": {
                "human_readable": "0.3488 +/- 0.0117",
                "mean": 0.34884184559820497,
                "variance": 0.21426969946772592,
                "95ci": 0.011675112948255024
            }
        },
        "bidaf-squad": {
            "EM": {
                "human_readable": "0.1932 +/- 0.0100",
                "mean": 0.1931799370965072,
                "variance": null,
                "95ci": 0.00995549888077149
            },
            "F1": {
                "human_readable": "0.2401 +/- 0.0101",
                "mean": 0.24006081295904205,
                "variance": 0.16129185825058032,
                "95ci": 0.010129474914155064
            }
        }
    }
}