{
    "lemma_ttr": {
        "ours": {
            "n": 2000,
            "human_readable": "0.6506 +/- 0.0020",
            "mean": 0.6506337125187559,
            "variance": 0.00199300224547793,
            "95ci": 0.001957717499767301
        },
        "reference": {
            "human_readable": "0.5499 +/- 0.0104",
            "mean": 0.5498520758285954,
            "variance": 0.005271796289871878,
            "95ci": 0.010446438745028142
        },
        "difference": {
            "difference": 0.10078163669016049
        }
    },
    "lemma_mattr": {
        "ours": {
            "n": 2000,
            "human_readable": "0.8052 +/- 0.0014",
            "mean": 0.805210973225502,
            "variance": 0.0009790767900927661,
            "95ci": 0.00137215921518001
        },
        "reference": {
            "human_readable": "0.7751 +/- 0.0046",
            "mean": 0.7750886830057836,
            "variance": 0.001001937939002348,
            "95ci": 0.004554171307970556
        },
        "difference": {
            "difference": 0.03012229021971835
        }
    },
    "adjacent_overlap_verb_sent": {
        "ours": {
            "n": 2000,
            "human_readable": "0.1032 +/- 0.0041",
            "mean": 0.10321053994128096,
            "variance": 0.008753098517615925,
            "95ci": 0.004102768733859621
        },
        "reference": {
            "human_readable": "0.0913 +/- 0.0121",
            "mean": 0.09125025870606386,
            "variance": 0.007104545133899912,
            "95ci": 0.01212710368569514
        },
        "difference": {
            "difference": 0.011960281235217099
        }
    },
    "adjacent_overlap_verb_sent_div_seg": {
        "ours": {
            "n": 2000,
            "human_readable": "0.3174 +/- 0.0136",
            "mean": 0.31740000000000007,
            "variance": 0.09581724,
            "95ci": 0.013574316074015255
        },
        "reference": {
            "human_readable": "0.2423 +/- 0.0320",
            "mean": 0.242255726870485,
            "variance": 0.04939906199509001,
            "95ci": 0.031977779474836376
        },
        "difference": {
            "difference": 0.07514427312951508
        }
    },
    "adjacent_overlap_binary_verb_sent": {
        "ours": {
            "n": 2000,
            "human_readable": "0.2482 +/- 0.0088",
            "mean": 0.2482,
            "variance": 0.04003676,
            "95ci": 0.008774564915052513
        },
        "reference": {
            "human_readable": "0.2126 +/- 0.0257",
            "mean": 0.21258375342706334,
            "variance": 0.03189838318730172,
            "95ci": 0.025696459365176606
        },
        "difference": {
            "difference": 0.03561624657293666
        }
    },
    "adjacent_overlap_2_verb_sent": {
        "ours": {
            "n": 2000,
            "human_readable": "0.1635 +/- 0.0054",
            "mean": 0.16350233007231843,
            "variance": 0.015124470593630104,
            "95ci": 0.005393072018638177
        },
        "reference": {
            "human_readable": "0.1552 +/- 0.0161",
            "mean": 0.15521149334843473,
            "variance": 0.01250607484523609,
            "95ci": 0.016089756207605627
        },
        "difference": {
            "difference": 0.008290836723883699
        }
    },
    "adjacent_overlap_2_verb_sent_div_seg": {
        "ours": {
            "n": 2000,
            "human_readable": "0.5021 +/- 0.0183",
            "mean": 0.502125,
            "variance": 0.17352673437500002,
            "95ci": 0.018267508825576893
        },
        "reference": {
            "human_readable": "0.4057 +/- 0.0419",
            "mean": 0.40571311729825615,
            "variance": 0.08487222801942235,
            "95ci": 0.041915220345950854
        },
        "difference": {
            "difference": 0.09641188270174389
        }
    },
    "adjacent_overlap_binary_2_verb_sent": {
        "ours": {
            "n": 2000,
            "human_readable": "0.3709 +/- 0.0109",
            "mean": 0.370875,
            "variance": 0.062045484375,
            "95ci": 0.010923233529682807
        },
        "reference": {
            "human_readable": "0.3357 +/- 0.0313",
            "mean": 0.33569252777939396,
            "variance": 0.047229153755586235,
            "95ci": 0.03126756303004121
        },
        "difference": {
            "difference": 0.035182472220606054
        }
    },
    "word2vec_1_all_sent": {
        "ours": {
            "n": 2000,
            "human_readable": "0.3312 +/- 0.0042",
            "mean": 0.3312181350344246,
            "variance": 0.009174154299899007,
            "95ci": 0.004200288768764967
        },
        "reference": {
            "human_readable": "0.5504 +/- 0.0120",
            "mean": 0.5504060494061013,
            "variance": 0.006966316057132458,
            "95ci": 0.012008549126150278
        },
        "difference": {
            "difference": -0.21918791437167667
        }
    },
    "word2vec_2_all_sent": {
        "ours": {
            "n": 2000,
            "human_readable": "0.6609 +/- 0.0030",
            "mean": 0.6608633172918982,
            "variance": 0.0045851015814390135,
            "95ci": 0.0029694130293328267
        },
        "reference": {
            "human_readable": "0.7941 +/- 0.0106",
            "mean": 0.7940503849584175,
            "variance": 0.005419270499197775,
            "95ci": 0.01059154623823809
        },
        "difference": {
            "difference": -0.13318706766651933
        }
    },
    "pronoun_noun_ratio": {
        "ours": {
            "n": 2000,
            "human_readable": "0.0710 +/- 0.0014",
            "mean": 0.07097418511655107,
            "variance": 0.0009780143506282941,
            "95ci": 0.0013714145178172423
        },
        "reference": {
            "human_readable": "0.0522 +/- 0.0052",
            "mean": 0.052230004851550445,
            "variance": 0.0012965216585442924,
            "95ci": 0.005180585432709311
        },
        "difference": {
            "difference": 0.018744180265000625
        }
    }
}