{
    "lemma_ttr": {
        "ours": {
            "n": 2000,
            "human_readable": "0.6519 +/- 0.0020",
            "mean": 0.6518857913569914,
            "variance": 0.0020192632596339193,
            "95ci": 0.0019705733296983166
        },
        "reference": {
            "human_readable": "0.5499 +/- 0.0104",
            "mean": 0.5498520758285954,
            "variance": 0.005271796289871878,
            "95ci": 0.010446438745028142
        },
        "difference": {
            "difference": 0.10203371552839602
        }
    },
    "lemma_mattr": {
        "ours": {
            "n": 2000,
            "human_readable": "0.8061 +/- 0.0013",
            "mean": 0.8060883367042235,
            "variance": 0.0009419751666696589,
            "95ci": 0.0013459094912383223
        },
        "reference": {
            "human_readable": "0.7751 +/- 0.0046",
            "mean": 0.7750886830057836,
            "variance": 0.001001937939002348,
            "95ci": 0.004554171307970556
        },
        "difference": {
            "difference": 0.030999653698439933
        }
    },
    "adjacent_overlap_verb_sent": {
        "ours": {
            "n": 2000,
            "human_readable": "0.1014 +/- 0.0039",
            "mean": 0.10143401028562306,
            "variance": 0.0077498158756873605,
            "95ci": 0.003860484571671401
        },
        "reference": {
            "human_readable": "0.0913 +/- 0.0121",
            "mean": 0.09125025870606386,
            "variance": 0.007104545133899912,
            "95ci": 0.01212710368569514
        },
        "difference": {
            "difference": 0.010183751579559197
        }
    },
    "adjacent_overlap_verb_sent_div_seg": {
        "ours": {
            "n": 2000,
            "human_readable": "0.3104 +/- 0.0127",
            "mean": 0.3104,
            "variance": 0.08445184,
            "95ci": 0.012743851057500009
        },
        "reference": {
            "human_readable": "0.2423 +/- 0.0320",
            "mean": 0.242255726870485,
            "variance": 0.04939906199509001,
            "95ci": 0.031977779474836376
        },
        "difference": {
            "difference": 0.06814427312951502
        }
    },
    "adjacent_overlap_binary_verb_sent": {
        "ours": {
            "n": 2000,
            "human_readable": "0.2476 +/- 0.0087",
            "mean": 0.24760000000000001,
            "variance": 0.03921424,
            "95ci": 0.008683964315774355
        },
        "reference": {
            "human_readable": "0.2126 +/- 0.0257",
            "mean": 0.21258375342706334,
            "variance": 0.03189838318730172,
            "95ci": 0.025696459365176606
        },
        "difference": {
            "difference": 0.03501624657293667
        }
    },
    "adjacent_overlap_2_verb_sent": {
        "ours": {
            "n": 2000,
            "human_readable": "0.1622 +/- 0.0055",
            "mean": 0.16218137037326277,
            "variance": 0.015491386854484208,
            "95ci": 0.005458097365004182
        },
        "reference": {
            "human_readable": "0.1552 +/- 0.0161",
            "mean": 0.15521149334843473,
            "variance": 0.01250607484523609,
            "95ci": 0.016089756207605627
        },
        "difference": {
            "difference": 0.006969877024828042
        }
    },
    "adjacent_overlap_2_verb_sent_div_seg": {
        "ours": {
            "n": 2000,
            "human_readable": "0.4954 +/- 0.0183",
            "mean": 0.495375,
            "variance": 0.17325985937499996,
            "95ci": 0.018253456186062864
        },
        "reference": {
            "human_readable": "0.4057 +/- 0.0419",
            "mean": 0.40571311729825615,
            "variance": 0.08487222801942235,
            "95ci": 0.041915220345950854
        },
        "difference": {
            "difference": 0.08966188270174386
        }
    },
    "adjacent_overlap_binary_2_verb_sent": {
        "ours": {
            "n": 2000,
            "human_readable": "0.3660 +/- 0.0110",
            "mean": 0.366,
            "variance": 0.06285650000000001,
            "95ci": 0.01099439222425709
        },
        "reference": {
            "human_readable": "0.3357 +/- 0.0313",
            "mean": 0.33569252777939396,
            "variance": 0.047229153755586235,
            "95ci": 0.03126756303004121
        },
        "difference": {
            "difference": 0.030307472220606035
        }
    },
    "word2vec_1_all_sent": {
        "ours": {
            "n": 2000,
            "human_readable": "0.3298 +/- 0.0041",
            "mean": 0.3297525267556407,
            "variance": 0.008539743130803466,
            "95ci": 0.004052458095797276
        },
        "reference": {
            "human_readable": "0.5504 +/- 0.0120",
            "mean": 0.5504060494061013,
            "variance": 0.006966316057132458,
            "95ci": 0.012008549126150278
        },
        "difference": {
            "difference": -0.22065352265046057
        }
    },
    "word2vec_2_all_sent": {
        "ours": {
            "n": 2000,
            "human_readable": "0.6615 +/- 0.0028",
            "mean": 0.6615432482248063,
            "variance": 0.004140901421018171,
            "95ci": 0.002821912704633855
        },
        "reference": {
            "human_readable": "0.7941 +/- 0.0106",
            "mean": 0.7940503849584175,
            "variance": 0.005419270499197775,
            "95ci": 0.01059154623823809
        },
        "difference": {
            "difference": -0.13250713673361125
        }
    },
    "pronoun_noun_ratio": {
        "ours": {
            "n": 2000,
            "human_readable": "0.0710 +/- 0.0014",
            "mean": 0.07097798470438878,
            "variance": 0.0010464956692607882,
            "95ci": 0.0014186159767240305
        },
        "reference": {
            "human_readable": "0.0522 +/- 0.0052",
            "mean": 0.052230004851550445,
            "variance": 0.0012965216585442924,
            "95ci": 0.005180585432709311
        },
        "difference": {
            "difference": 0.018747979852838333
        }
    }
}