{
    "num_samples": 5,
    "lemma_ttr": {
        "ours": {
            "human_readable": "0.6386 +/- 0.0103",
            "mean": 0.6386258608817832,
            "variance": 6.938235184438331e-05,
            "95ci": 0.010342573061765337
        },
        "reference": {
            "human_readable": "0.5499",
            "mean": 0.5498520758285954
        },
        "difference": {
            "difference": 0.08877378505318778
        }
    },
    "lemma_mattr": {
        "ours": {
            "human_readable": "0.7925 +/- 0.0082",
            "mean": 0.7924608094255174,
            "variance": 4.3254368480802094e-05,
            "95ci": 0.008166182413924162
        },
        "reference": {
            "human_readable": "0.7751",
            "mean": 0.7750886830057836
        },
        "difference": {
            "difference": 0.017372126419733847
        }
    },
    "adjacent_overlap_verb_sent": {
        "ours": {
            "human_readable": "0.0954 +/- 0.0071",
            "mean": 0.0953800909058262,
            "variance": 3.2742475137728925e-05,
            "95ci": 0.00710493063394911
        },
        "reference": {
            "human_readable": "0.0913",
            "mean": 0.09125025870606386
        },
        "difference": {
            "difference": 0.0041298321997623455
        }
    },
    "adjacent_overlap_verb_sent_div_seg": {
        "ours": {
            "human_readable": "0.2988 +/- 0.0216",
            "mean": 0.29875,
            "variance": 0.0003031249999999999,
            "95ci": 0.021617972845978627
        },
        "reference": {
            "human_readable": "0.2423",
            "mean": 0.242255726870485
        },
        "difference": {
            "difference": 0.05649427312951502
        }
    },
    "adjacent_overlap_binary_verb_sent": {
        "ours": {
            "human_readable": "0.2325 +/- 0.0232",
            "mean": 0.2325,
            "variance": 0.00034999999999999994,
            "95ci": 0.023229406353851942
        },
        "reference": {
            "human_readable": "0.2126",
            "mean": 0.21258375342706334
        },
        "difference": {
            "difference": 0.01991624657293667
        }
    },
    "adjacent_overlap_2_verb_sent": {
        "ours": {
            "human_readable": "0.1567 +/- 0.0168",
            "mean": 0.15672890997890998,
            "variance": 0.0001832149989291179,
            "95ci": 0.016806783328162902
        },
        "reference": {
            "human_readable": "0.1552",
            "mean": 0.15521149334843473
        },
        "difference": {
            "difference": 0.001517416630475249
        }
    },
    "adjacent_overlap_2_verb_sent_div_seg": {
        "ours": {
            "human_readable": "0.4817 +/- 0.0504",
            "mean": 0.48166666666666663,
            "variance": 0.0016500000000000022,
            "95ci": 0.050436630035306206
        },
        "reference": {
            "human_readable": "0.4057",
            "mean": 0.40571311729825615
        },
        "difference": {
            "difference": 0.07595354936841048
        }
    },
    "adjacent_overlap_binary_2_verb_sent": {
        "ours": {
            "human_readable": "0.3500 +/- 0.0340",
            "mean": 0.35,
            "variance": 0.0007499999999999989,
            "95ci": 0.034004369032912825
        },
        "reference": {
            "human_readable": "0.3357",
            "mean": 0.33569252777939396
        },
        "difference": {
            "difference": 0.014307472220606021
        }
    },
    "word2vec_1_all_sent": {
        "ours": {
            "human_readable": "0.3592 +/- 0.0142",
            "mean": 0.35918959869475564,
            "variance": 0.00012997425174119198,
            "95ci": 0.014155745693068239
        },
        "reference": {
            "human_readable": "0.5504",
            "mean": 0.5504060494061013
        },
        "difference": {
            "difference": -0.19121645071134563
        }
    },
    "word2vec_2_all_sent": {
        "ours": {
            "human_readable": "0.6541 +/- 0.0048",
            "mean": 0.6541079762838307,
            "variance": 1.4657529742828612e-05,
            "95ci": 0.00475372966979688
        },
        "reference": {
            "human_readable": "0.7941",
            "mean": 0.7940503849584175
        },
        "difference": {
            "difference": -0.13994240867458685
        }
    },
    "pronoun_noun_ratio": {
        "ours": {
            "human_readable": "0.0753 +/- 0.0055",
            "mean": 0.07530692860704997,
            "variance": 1.9477614974047533e-05,
            "95ci": 0.005479891722650076
        },
        "reference": {
            "human_readable": "0.0522",
            "mean": 0.052230004851550445
        },
        "difference": {
            "difference": 0.02307692375549953
        }
    }
}