{
    "lemma_ttr": {
        "ours": {
            "n": 200,
            "human_readable": "0.6477 +/- 0.0065",
            "mean": 0.6476801269142767,
            "variance": 0.0022039983566547587,
            "95ci": 0.006546180492246694
        },
        "reference": {
            "human_readable": "0.5499 +/- 0.0104",
            "mean": 0.5498520758285954,
            "variance": 0.00527179628987188,
            "95ci": 0.010446438745028142
        },
        "difference": {
            "difference": 0.09782805108568127
        }
    },
    "lemma_mattr": {
        "ours": {
            "n": 200,
            "human_readable": "0.8032 +/- 0.0044",
            "mean": 0.8031548725979757,
            "variance": 0.0009973894042336175,
            "95ci": 0.004403669502122612
        },
        "reference": {
            "human_readable": "0.7751 +/- 0.0046",
            "mean": 0.7750886830057836,
            "variance": 0.0010019379390023482,
            "95ci": 0.004554171307970556
        },
        "difference": {
            "difference": 0.028066189592192092
        }
    },
    "adjacent_overlap_verb_sent": {
        "ours": {
            "n": 200,
            "human_readable": "0.1048 +/- 0.0135",
            "mean": 0.10483411778709766,
            "variance": 0.009307433936761771,
            "95ci": 0.013452324147827804
        },
        "reference": {
            "human_readable": "0.0913 +/- 0.0121",
            "mean": 0.09125025870606386,
            "variance": 0.007104545133899913,
            "95ci": 0.01212710368569514
        },
        "difference": {
            "difference": 0.013583859081033794
        }
    },
    "adjacent_overlap_verb_sent_div_seg": {
        "ours": {
            "n": 200,
            "human_readable": "0.3190 +/- 0.0429",
            "mean": 0.319,
            "variance": 0.09483900000000002,
            "95ci": 0.04294136301680257
        },
        "reference": {
            "human_readable": "0.2423 +/- 0.0320",
            "mean": 0.24225572687048497,
            "variance": 0.04939906199509001,
            "95ci": 0.031977779474836376
        },
        "difference": {
            "difference": 0.07674427312951504
        }
    },
    "adjacent_overlap_binary_verb_sent": {
        "ours": {
            "n": 200,
            "human_readable": "0.2520 +/- 0.0289",
            "mean": 0.252,
            "variance": 0.04289600000000001,
            "95ci": 0.028879571207157343
        },
        "reference": {
            "human_readable": "0.2126 +/- 0.0257",
            "mean": 0.21258375342706334,
            "variance": 0.03189838318730172,
            "95ci": 0.025696459365176606
        },
        "difference": {
            "difference": 0.03941624657293666
        }
    },
    "adjacent_overlap_2_verb_sent": {
        "ours": {
            "n": 200,
            "human_readable": "0.1659 +/- 0.0165",
            "mean": 0.1658751431102437,
            "variance": 0.014080386847739313,
            "95ci": 0.01654587106859337
        },
        "reference": {
            "human_readable": "0.1552 +/- 0.0161",
            "mean": 0.15521149334843473,
            "variance": 0.01250607484523609,
            "95ci": 0.016089756207605627
        },
        "difference": {
            "difference": 0.010663649761808974
        }
    },
    "adjacent_overlap_2_verb_sent_div_seg": {
        "ours": {
            "n": 200,
            "human_readable": "0.5000 +/- 0.0552",
            "mean": 0.5,
            "variance": 0.156875,
            "95ci": 0.05522798672645542
        },
        "reference": {
            "human_readable": "0.4057 +/- 0.0419",
            "mean": 0.405713117298256,
            "variance": 0.08487222801942233,
            "95ci": 0.041915220345950854
        },
        "difference": {
            "difference": 0.09428688270174401
        }
    },
    "adjacent_overlap_binary_2_verb_sent": {
        "ours": {
            "n": 200,
            "human_readable": "0.3812 +/- 0.0336",
            "mean": 0.38125,
            "variance": 0.0580859375,
            "95ci": 0.03360607900113041
        },
        "reference": {
            "human_readable": "0.3357 +/- 0.0313",
            "mean": 0.33569252777939396,
            "variance": 0.04722915375558623,
            "95ci": 0.03126756303004121
        },
        "difference": {
            "difference": 0.04555747222060602
        }
    },
    "word2vec_1_all_sent": {
        "ours": {
            "n": 200,
            "human_readable": "0.3428 +/- 0.0132",
            "mean": 0.3427520480037328,
            "variance": 0.008935051759818326,
            "95ci": 0.013180469446447643
        },
        "reference": {
            "human_readable": "0.5504 +/- 0.0120",
            "mean": 0.5504060494061012,
            "variance": 0.006966316057132458,
            "95ci": 0.012008549126150278
        },
        "difference": {
            "difference": -0.20765400140236834
        }
    },
    "word2vec_2_all_sent": {
        "ours": {
            "n": 200,
            "human_readable": "0.6667 +/- 0.0093",
            "mean": 0.6666690439660079,
            "variance": 0.004467759149871274,
            "95ci": 0.009320242641527835
        },
        "reference": {
            "human_readable": "0.7941 +/- 0.0106",
            "mean": 0.7940503849584174,
            "variance": 0.005419270499197777,
            "95ci": 0.010591546238238091
        },
        "difference": {
            "difference": -0.1273813409924095
        }
    },
    "pronoun_noun_ratio": {
        "ours": {
            "n": 200,
            "human_readable": "0.0666 +/- 0.0044",
            "mean": 0.0665846022553853,
            "variance": 0.0010117776360462948,
            "95ci": 0.004435319197353212
        },
        "reference": {
            "human_readable": "0.0522 +/- 0.0052",
            "mean": 0.052230004851550445,
            "variance": 0.0012965216585442924,
            "95ci": 0.005180585432709311
        },
        "difference": {
            "difference": 0.014354597403834858
        }
    }
}