{
    "lemma_ttr": {
        "ours": {
            "n": 200,
            "human_readable": "0.6477 +/- 0.0067",
            "mean": 0.6476709899235442,
            "variance": 0.002313257895866152,
            "95ci": 0.006706475911243381
        },
        "reference": {
            "human_readable": "0.5499 +/- 0.0104",
            "mean": 0.5498520758285954,
            "variance": 0.005271796289871878,
            "95ci": 0.010446438745028142
        },
        "difference": {
            "difference": 0.0978189140949488
        }
    },
    "lemma_mattr": {
        "ours": {
            "n": 200,
            "human_readable": "0.7953 +/- 0.0046",
            "mean": 0.7953363019062649,
            "variance": 0.0011006778082997093,
            "95ci": 0.004626072636455172
        },
        "reference": {
            "human_readable": "0.7751 +/- 0.0046",
            "mean": 0.7750886830057836,
            "variance": 0.001001937939002348,
            "95ci": 0.004554171307970556
        },
        "difference": {
            "difference": 0.020247618900481323
        }
    },
    "adjacent_overlap_verb_sent": {
        "ours": {
            "n": 200,
            "human_readable": "0.0954 +/- 0.0131",
            "mean": 0.09538474861481827,
            "variance": 0.008879461845681058,
            "95ci": 0.013139403967553307
        },
        "reference": {
            "human_readable": "0.0913 +/- 0.0121",
            "mean": 0.09125025870606386,
            "variance": 0.007104545133899912,
            "95ci": 0.01212710368569514
        },
        "difference": {
            "difference": 0.00413448990875441
        }
    },
    "adjacent_overlap_verb_sent_div_seg": {
        "ours": {
            "n": 200,
            "human_readable": "0.2975 +/- 0.0437",
            "mean": 0.2975,
            "variance": 0.09836875,
            "95ci": 0.043733166013725275
        },
        "reference": {
            "human_readable": "0.2423 +/- 0.0320",
            "mean": 0.242255726870485,
            "variance": 0.04939906199509001,
            "95ci": 0.031977779474836376
        },
        "difference": {
            "difference": 0.05524427312951499
        }
    },
    "adjacent_overlap_binary_verb_sent": {
        "ours": {
            "n": 200,
            "human_readable": "0.2375 +/- 0.0311",
            "mean": 0.2375,
            "variance": 0.04984375,
            "95ci": 0.031130614746557126
        },
        "reference": {
            "human_readable": "0.2126 +/- 0.0257",
            "mean": 0.21258375342706334,
            "variance": 0.03189838318730172,
            "95ci": 0.025696459365176606
        },
        "difference": {
            "difference": 0.024916246572936646
        }
    },
    "adjacent_overlap_2_verb_sent": {
        "ours": {
            "n": 200,
            "human_readable": "0.1546 +/- 0.0184",
            "mean": 0.15460980685980685,
            "variance": 0.01748188526898032,
            "95ci": 0.018436414991210567
        },
        "reference": {
            "human_readable": "0.1552 +/- 0.0161",
            "mean": 0.15521149334843473,
            "variance": 0.01250607484523609,
            "95ci": 0.016089756207605627
        },
        "difference": {
            "difference": -0.0006016864886278783
        }
    },
    "adjacent_overlap_2_verb_sent_div_seg": {
        "ours": {
            "n": 200,
            "human_readable": "0.4767 +/- 0.0609",
            "mean": 0.4766666666666666,
            "variance": 0.19056666666666666,
            "95ci": 0.06087035171183727
        },
        "reference": {
            "human_readable": "0.4057 +/- 0.0419",
            "mean": 0.40571311729825615,
            "variance": 0.08487222801942235,
            "95ci": 0.041915220345950854
        },
        "difference": {
            "difference": 0.07095354936841047
        }
    },
    "adjacent_overlap_binary_2_verb_sent": {
        "ours": {
            "n": 200,
            "human_readable": "0.3567 +/- 0.0390",
            "mean": 0.35666666666666663,
            "variance": 0.07834444444444444,
            "95ci": 0.039028912025495015
        },
        "reference": {
            "human_readable": "0.3357 +/- 0.0313",
            "mean": 0.33569252777939396,
            "variance": 0.047229153755586235,
            "95ci": 0.03126756303004121
        },
        "difference": {
            "difference": 0.020974138887272675
        }
    },
    "word2vec_1_all_sent": {
        "ours": {
            "n": 200,
            "human_readable": "0.3544 +/- 0.0151",
            "mean": 0.35435741417678557,
            "variance": 0.011782149934218309,
            "95ci": 0.015135424809942333
        },
        "reference": {
            "human_readable": "0.5504 +/- 0.0120",
            "mean": 0.5504060494061013,
            "variance": 0.006966316057132458,
            "95ci": 0.012008549126150278
        },
        "difference": {
            "difference": -0.1960486352293157
        }
    },
    "word2vec_2_all_sent": {
        "ours": {
            "n": 200,
            "human_readable": "0.6597 +/- 0.0110",
            "mean": 0.659739136801649,
            "variance": 0.006274251926057373,
            "95ci": 0.011044938925383876
        },
        "reference": {
            "human_readable": "0.7941 +/- 0.0106",
            "mean": 0.7940503849584175,
            "variance": 0.005419270499197775,
            "95ci": 0.01059154623823809
        },
        "difference": {
            "difference": -0.13431124815676854
        }
    },
    "pronoun_noun_ratio": {
        "ours": {
            "n": 200,
            "human_readable": "0.0763 +/- 0.0045",
            "mean": 0.07633510417001874,
            "variance": 0.0010645796476528488,
            "95ci": 0.004549581214120564
        },
        "reference": {
            "human_readable": "0.0522 +/- 0.0052",
            "mean": 0.052230004851550445,
            "variance": 0.0012965216585442924,
            "95ci": 0.005180585432709311
        },
        "difference": {
            "difference": 0.02410509931846829
        }
    }
}