{
    "num_samples": 5,
    "full": {
        "em": {
            "human_readable": "0.1890 +/- 0.0760",
            "mean": 0.18904881659046707,
            "variance": 0.003744540730298086,
            "95ci": 0.07598071366846777
        },
        "f1": {
            "human_readable": "0.2458 +/- 0.0572",
            "mean": 0.2457974720860452,
            "variance": 0.002119563969798062,
            "95ci": 0.05716462425647996
        }
    },
    "10": {
        "em": {
            "human_readable": "0.2800 +/- 0.1987",
            "mean": 0.28,
            "variance": 0.0256,
            "95ci": 0.19866623971260264
        },
        "f1": {
            "human_readable": "0.2583 +/- 0.1249",
            "mean": 0.25834318558257435,
            "variance": 0.010122271405309077,
            "95ci": 0.12492319350313608
        }
    },
    "25": {
        "em": {
            "human_readable": "0.2080 +/- 0.1150",
            "mean": 0.20800000000000002,
            "variance": 0.008576,
            "95ci": 0.11498639945018573
        },
        "f1": {
            "human_readable": "0.2127 +/- 0.0768",
            "mean": 0.21274102901717895,
            "variance": 0.0038272386952790437,
            "95ci": 0.07681514655641576
        }
    },
    "50": {
        "em": {
            "human_readable": "0.2080 +/- 0.0840",
            "mean": 0.20800000000000002,
            "variance": 0.004576,
            "95ci": 0.08399377429771937
        },
        "f1": {
            "human_readable": "0.2832 +/- 0.0958",
            "mean": 0.2831761951797571,
            "variance": 0.0059480166839461,
            "95ci": 0.09576133194329096
        }
    },
    "100": {
        "em": {
            "human_readable": "0.1920 +/- 0.0818",
            "mean": 0.192,
            "variance": 0.004335999999999999,
            "95ci": 0.0817614765308928
        },
        "f1": {
            "human_readable": "0.2419 +/- 0.0579",
            "mean": 0.24188474695198195,
            "variance": 0.0021737341373363425,
            "95ci": 0.05789050017796623
        }
    }
}