{
    "num_samples": 200,
    "full": {
        "EM": {
            "human_readable": "0.2428 +/- 0.0346",
            "mean": 0.2427843803056027,
            "variance": null,
            "95ci": 0.034626659545944016
        },
        "F1": {
            "human_readable": "0.2879 +/- 0.0347",
            "mean": 0.28793018929316105,
            "variance": 0.1835720331140479,
            "95ci": 0.03467277188149628
        }
    },
    "10": {
        "EM": {
            "human_readable": "0.2000 +/- 0.2000",
            "mean": 0.2,
            "variance": null,
            "95ci": 0.2
        },
        "F1": {
            "human_readable": "0.3571 +/- 0.3240",
            "mean": 0.35714285714285715,
            "variance": 0.20510204081632652,
            "95ci": 0.32397221486068245
        }
    },
    "25": {
        "EM": {
            "human_readable": "0.3200 +/- 0.1829",
            "mean": 0.32,
            "variance": null,
            "95ci": 0.18285529135171802
        },
        "F1": {
            "human_readable": "0.3534 +/- 0.1866",
            "mean": 0.3534199134199134,
            "variance": 0.2043423174228369,
            "95ci": 0.1865939254504184
        }
    },
    "50": {
        "EM": {
            "human_readable": "0.2000 +/- 0.1109",
            "mean": 0.2,
            "variance": null,
            "95ci": 0.11087230594797426
        },
        "F1": {
            "human_readable": "0.2465 +/- 0.1177",
            "mean": 0.24649679754942913,
            "variance": 0.17143050516696767,
            "95ci": 0.11766934073375698
        }
    },
    "100": {
        "EM": {
            "human_readable": "0.1800 +/- 0.0753",
            "mean": 0.18,
            "variance": null,
            "95ci": 0.0752993573634233
        },
        "F1": {
            "human_readable": "0.3035 +/- 0.0871",
            "mean": 0.30351327450138993,
            "variance": 0.19276749598481766,
            "95ci": 0.08711763129621533
        }
    }
}