{
    "num_samples": 5,
    "full": {
        "em": {
            "human_readable": "0.3006 +/- 0.0215",
            "mean": 0.3006153072353639,
            "variance": 0.00030118248031209776,
            "95ci": 0.02154859415582683
        },
        "f1": {
            "human_readable": "0.3994 +/- 0.0293",
            "mean": 0.39939728586338397,
            "variance": 0.0005564747674589026,
            "95ci": 0.02929050283514611
        }
    },
    "10": {
        "em": {
            "human_readable": "0.2400 +/- 0.1266",
            "mean": 0.24,
            "variance": 0.0104,
            "95ci": 0.12662537912333283
        },
        "f1": {
            "human_readable": "0.4330 +/- 0.1019",
            "mean": 0.4329876543209877,
            "variance": 0.006734348808201833,
            "95ci": 0.10189476981708587
        }
    },
    "25": {
        "em": {
            "human_readable": "0.2480 +/- 0.0579",
            "mean": 0.248,
            "variance": 0.0021760000000000013,
            "95ci": 0.05792066434469957
        },
        "f1": {
            "human_readable": "0.3459 +/- 0.0916",
            "mean": 0.34592088283821176,
            "variance": 0.005444614251156114,
            "95ci": 0.09161944292771237
        }
    },
    "50": {
        "em": {
            "human_readable": "0.2960 +/- 0.0807",
            "mean": 0.296,
            "variance": 0.0042239999999999995,
            "95ci": 0.08069860805648987
        },
        "f1": {
            "human_readable": "0.3797 +/- 0.0457",
            "mean": 0.37968145364492284,
            "variance": 0.001357568492639743,
            "95ci": 0.04574935379044347
        }
    }
}