{
    "num_samples": 200,
    "full": {
        "EM": {
            "human_readable": "0.1955 +/- 0.0312",
            "mean": 0.19547657512116318,
            "variance": null,
            "95ci": 0.031240607753038663
        },
        "F1": {
            "human_readable": "0.2462 +/- 0.0317",
            "mean": 0.24624018699571695,
            "variance": 0.16142806580850874,
            "95ci": 0.031713462919493264
        }
    },
    "10": {
        "EM": {
            "human_readable": "0.3000 +/- 0.2840",
            "mean": 0.3,
            "variance": null,
            "95ci": 0.2840257650893254
        },
        "F1": {
            "human_readable": "0.1944 +/- 0.2339",
            "mean": 0.19444444444444445,
            "variance": 0.10694444444444447,
            "95ci": 0.23393860104630276
        }
    },
    "25": {
        "EM": {
            "human_readable": "0.2000 +/- 0.1568",
            "mean": 0.2,
            "variance": null,
            "95ci": 0.15679711876320437
        },
        "F1": {
            "human_readable": "0.3777 +/- 0.1908",
            "mean": 0.3777142857142857,
            "variance": 0.21374824489795918,
            "95ci": 0.19084009441092387
        }
    },
    "50": {
        "EM": {
            "human_readable": "0.3200 +/- 0.1293",
            "mean": 0.32,
            "variance": null,
            "95ci": 0.12929821649064166
        },
        "F1": {
            "human_readable": "0.2527 +/- 0.1171",
            "mean": 0.25266058763931104,
            "variance": 0.16981970461388116,
            "95ci": 0.11711521185269014
        }
    },
    "100": {
        "EM": {
            "human_readable": "0.1900 +/- 0.0769",
            "mean": 0.19,
            "variance": null,
            "95ci": 0.07688956447430471
        },
        "F1": {
            "human_readable": "0.2059 +/- 0.0773",
            "mean": 0.20586572024473745,
            "variance": 0.15195070513145165,
            "95ci": 0.07734647314253573
        }
    }
}