{
    "num_samples": 200,
    "full": {
        "EM": {
            "human_readable": "0.2782 +/- 0.0421",
            "mean": 0.27816091954022987,
            "variance": null,
            "95ci": 0.04210868845254093
        },
        "F1": {
            "human_readable": "0.3639 +/- 0.0416",
            "mean": 0.36392276358273734,
            "variance": 0.19492985287361425,
            "95ci": 0.041605951483507125
        }
    },
    "10": {
        "EM": {
            "human_readable": "0.2000 +/- 0.2000",
            "mean": 0.2,
            "variance": null,
            "95ci": 0.2
        },
        "F1": {
            "human_readable": "0.2000 +/- 0.2861",
            "mean": 0.2,
            "variance": 0.16000000000000006,
            "95ci": 0.2861427623810289
        }
    },
    "25": {
        "EM": {
            "human_readable": "0.2800 +/- 0.1760",
            "mean": 0.28,
            "variance": null,
            "95ci": 0.17600432929356438
        },
        "F1": {
            "human_readable": "0.4642 +/- 0.1936",
            "mean": 0.4641538461538461,
            "variance": 0.22000795266272188,
            "95ci": 0.19361434613876113
        }
    },
    "50": {
        "EM": {
            "human_readable": "0.3600 +/- 0.1330",
            "mean": 0.36,
            "variance": null,
            "95ci": 0.13304676713756908
        },
        "F1": {
            "human_readable": "0.3870 +/- 0.1254",
            "mean": 0.38698628389154704,
            "variance": 0.194768233673527,
            "95ci": 0.12542333100950592
        }
    },
    "100": {
        "EM": {
            "human_readable": "0.2800 +/- 0.0880",
            "mean": 0.28,
            "variance": null,
            "95ci": 0.08800216464678218
        },
        "F1": {
            "human_readable": "0.2806 +/- 0.0790",
            "mean": 0.28063998228517845,
            "variance": 0.15843926397504904,
            "95ci": 0.07898062455487445
        }
    }
}