{
    "num_samples": 5,
    "full": {
        "em": {
            "human_readable": "0.2131 +/- 0.0456",
            "mean": 0.21309684568305257,
            "variance": 0.0013500317519947122,
            "95ci": 0.0456221849210905
        },
        "f1": {
            "human_readable": "0.2635 +/- 0.0565",
            "mean": 0.26347799984146325,
            "variance": 0.002067580542702793,
            "95ci": 0.05645927633374134
        }
    },
    "10": {
        "em": {
            "human_readable": "0.1778 +/- 0.1104",
            "mean": 0.1777777777777778,
            "variance": 0.007901234567901235,
            "95ci": 0.11037013317366813
        },
        "f1": {
            "human_readable": "0.3298 +/- 0.1892",
            "mean": 0.32981517418299033,
            "variance": 0.023226123773468794,
            "95ci": 0.1892310752247156
        }
    },
    "25": {
        "em": {
            "human_readable": "0.2000 +/- 0.0603",
            "mean": 0.2,
            "variance": 0.0023611111111111116,
            "95ci": 0.060334025359062037
        },
        "f1": {
            "human_readable": "0.2983 +/- 0.1837",
            "mean": 0.2983066538727173,
            "variance": 0.021882272746555433,
            "95ci": 0.1836751074038638
        }
    },
    "50": {
        "em": {
            "human_readable": "0.2490 +/- 0.0792",
            "mean": 0.24897959183673465,
            "variance": 0.004064972927946689,
            "95ci": 0.07916494562902798
        },
        "f1": {
            "human_readable": "0.2684 +/- 0.0920",
            "mean": 0.26842372926745817,
            "variance": 0.005487893920528208,
            "95ci": 0.09198286723478409
        }
    },
    "100": {
        "em": {
            "human_readable": "0.2283 +/- 0.0486",
            "mean": 0.22828282828282828,
            "variance": 0.0015345372921130502,
            "95ci": 0.04863991558603172
        },
        "f1": {
            "human_readable": "0.2616 +/- 0.0644",
            "mean": 0.2615659274160157,
            "variance": 0.0026893581655327583,
            "95ci": 0.06439148063221449
        }
    }
}