{
    "num_samples": 200,
    "full": {
        "EM": {
            "human_readable": "0.2564 +/- 0.0411",
            "mean": 0.25635103926096997,
            "variance": null,
            "95ci": 0.041124977346718244
        },
        "F1": {
            "human_readable": "0.3560 +/- 0.0411",
            "mean": 0.3560275727434967,
            "variance": 0.18922666993814904,
            "95ci": 0.0410878821986245
        }
    },
    "10": {
        "EM": {
            "human_readable": "0.3000 +/- 0.2840",
            "mean": 0.3,
            "variance": null,
            "95ci": 0.2840257650893254
        },
        "F1": {
            "human_readable": "0.4694 +/- 0.3182",
            "mean": 0.4693627450980392,
            "variance": 0.19790855680507496,
            "95ci": 0.31824021562913474
        }
    },
    "25": {
        "EM": {
            "human_readable": "0.3600 +/- 0.1882",
            "mean": 0.36,
            "variance": null,
            "95ci": 0.18815654251584524
        },
        "F1": {
            "human_readable": "0.3381 +/- 0.1785",
            "mean": 0.3380854700854701,
            "variance": 0.18709294060924833,
            "95ci": 0.17854473355369457
        }
    },
    "50": {
        "EM": {
            "human_readable": "0.2400 +/- 0.1184",
            "mean": 0.24,
            "variance": null,
            "95ci": 0.11837922865896777
        },
        "F1": {
            "human_readable": "0.3418 +/- 0.1179",
            "mean": 0.34181429183131967,
            "variance": 0.17199417535082887,
            "95ci": 0.11786263266601514
        }
    },
    "100": {
        "EM": {
            "human_readable": "0.2800 +/- 0.0880",
            "mean": 0.28,
            "variance": null,
            "95ci": 0.08800216464678218
        },
        "F1": {
            "human_readable": "0.3233 +/- 0.0848",
            "mean": 0.3233294894084368,
            "variance": 0.18269742595891303,
            "95ci": 0.08481162215615667
        }
    }
}