{
    "num_samples": 5,
    "Jaccard": {
        "ours": {
            "human_readable": "0.2415 +/- 0.0030",
            "mean": 0.24146063559313996,
            "variance": 5.7092266896756376e-06,
            "95ci": 0.002966830484001106
        },
        "reference": {
            "human_readable": "0.1642",
            "mean": 0.16421726523559513
        },
        "difference": {
            "difference": 0.07724337035754483,
            "within_ci": false
        }
    }
}