{
    "num_samples": 5,
    "lemma_ttr": {
        "ours": {
            "human_readable": "0.6000 +/- 0.0082",
            "mean": 0.6000289803846538,
            "variance": 4.377986953640972e-05,
            "95ci": 0.008215638483344823
        },
        "reference": {
            "human_readable": "0.5499",
            "mean": 0.5498520758285954
        },
        "difference": {
            "difference": 0.05017690455605839
        }
    },
    "lemma_mattr": {
        "ours": {
            "human_readable": "0.7895 +/- 0.0055",
            "mean": 0.7894583593633605,
            "variance": 1.9771835308200346e-05,
            "95ci": 0.005521125017245365
        },
        "reference": {
            "human_readable": "0.7751",
            "mean": 0.7750886830057836
        },
        "difference": {
            "difference": 0.01436967635757691
        }
    },
    "adjacent_overlap_verb_sent": {
        "ours": {
            "human_readable": "0.1101 +/- 0.0158",
            "mean": 0.11007057968261529,
            "variance": 0.0001626116411953431,
            "95ci": 0.01583360861406156
        },
        "reference": {
            "human_readable": "0.0913",
            "mean": 0.09125025870606386
        },
        "difference": {
            "difference": 0.018820320976551425
        }
    },
    "adjacent_overlap_verb_sent_div_seg": {
        "ours": {
            "human_readable": "0.3370 +/- 0.0472",
            "mean": 0.337,
            "variance": 0.0014459999999999994,
            "95ci": 0.04721589599375971
        },
        "reference": {
            "human_readable": "0.2423",
            "mean": 0.24225572687048497
        },
        "difference": {
            "difference": 0.09474427312951506
        }
    },
    "adjacent_overlap_binary_verb_sent": {
        "ours": {
            "human_readable": "0.2590 +/- 0.0391",
            "mean": 0.259,
            "variance": 0.0009939999999999997,
            "95ci": 0.0391468914159062
        },
        "reference": {
            "human_readable": "0.2126",
            "mean": 0.21258375342706334
        },
        "difference": {
            "difference": 0.046416246572936665
        }
    },
    "adjacent_overlap_2_verb_sent": {
        "ours": {
            "human_readable": "0.1675 +/- 0.0116",
            "mean": 0.1675479724523842,
            "variance": 8.772560668140707e-05,
            "95ci": 0.011629666992683203
        },
        "reference": {
            "human_readable": "0.1552",
            "mean": 0.15521149334843473
        },
        "difference": {
            "difference": 0.012336479103949471
        }
    },
    "adjacent_overlap_2_verb_sent_div_seg": {
        "ours": {
            "human_readable": "0.5100 +/- 0.0388",
            "mean": 0.51,
            "variance": 0.0009781249999999996,
            "95ci": 0.0388330291371062
        },
        "reference": {
            "human_readable": "0.4057",
            "mean": 0.405713117298256
        },
        "difference": {
            "difference": 0.10428688270174402
        }
    },
    "adjacent_overlap_binary_2_verb_sent": {
        "ours": {
            "human_readable": "0.3787 +/- 0.0339",
            "mean": 0.37875,
            "variance": 0.0007437500000000002,
            "95ci": 0.03386238774878112
        },
        "reference": {
            "human_readable": "0.3357",
            "mean": 0.33569252777939396
        },
        "difference": {
            "difference": 0.04305747222060602
        }
    },
    "word2vec_1_all_sent": {
        "ours": {
            "human_readable": "0.3535 +/- 0.0109",
            "mean": 0.3535395723072857,
            "variance": 7.736432177933596e-05,
            "95ci": 0.010921302849502304
        },
        "reference": {
            "human_readable": "0.5504",
            "mean": 0.5504060494061012
        },
        "difference": {
            "difference": -0.19686647709881544
        }
    },
    "word2vec_2_all_sent": {
        "ours": {
            "human_readable": "0.6744 +/- 0.0066",
            "mean": 0.6743838361495845,
            "variance": 2.8203867372855324e-05,
            "95ci": 0.006594143909851801
        },
        "reference": {
            "human_readable": "0.7941",
            "mean": 0.7940503849584174
        },
        "difference": {
            "difference": -0.11966654880883287
        }
    },
    "pronoun_noun_ratio": {
        "ours": {
            "human_readable": "0.0711 +/- 0.0033",
            "mean": 0.07108633748977558,
            "variance": 7.056402134557661e-06,
            "95ci": 0.003298342496600403
        },
        "reference": {
            "human_readable": "0.0522",
            "mean": 0.052230004851550445
        },
        "difference": {
            "difference": 0.018856332638225136
        }
    }
}