{
    "Jaccard": {
        "ours": {
            "n": 200,
            "human_readable": "0.2193 +/- 0.0003",
            "mean": 0.21931920531803317,
            "variance": 0.0012527365956607266,
            "95ci": 0.0003477359928046892
        },
        "reference": {
            "n": 188,
            "human_readable": "0.1642 +/- 0.0005",
            "mean": 0.16421726523559513,
            "variance": 0.0021591383739261224,
            "95ci": 0.0004857396481645603
        },
        "difference": 0.055101940082438045
    }
}