{
    "num_samples": 5,
    "full": {
        "em": {
            "human_readable": "0.5774 +/- 0.0187",
            "mean": 0.5773520215721406,
            "variance": 0.00022566813096640197,
            "95ci": 0.018652592613583853
        },
        "f1": {
            "human_readable": "0.6202 +/- 0.0150",
            "mean": 0.6202265025789411,
            "variance": 0.00014551696948864352,
            "95ci": 0.014978244301196413
        }
    },
    "10": {
        "em": {
            "human_readable": "0.6667 +/- 0.1511",
            "mean": 0.6666666666666667,
            "variance": 0.014814814814814808,
            "95ci": 0.1511305290351682
        },
        "f1": {
            "human_readable": "0.6322 +/- 0.2159",
            "mean": 0.6321727257211128,
            "variance": 0.030235499359835244,
            "95ci": 0.2159049810441726
        }
    },
    "25": {
        "em": {
            "human_readable": "0.6000 +/- 0.1250",
            "mean": 0.6,
            "variance": 0.010138888888888888,
            "95ci": 0.12502569311711131
        },
        "f1": {
            "human_readable": "0.6213 +/- 0.0686",
            "mean": 0.621333860433759,
            "variance": 0.00305539876416546,
            "95ci": 0.06863379897267279
        }
    },
    "50": {
        "em": {
            "human_readable": "0.5755 +/- 0.0669",
            "mean": 0.5755102040816327,
            "variance": 0.002898792169929199,
            "95ci": 0.06685172666154712
        },
        "f1": {
            "human_readable": "0.6126 +/- 0.0655",
            "mean": 0.6126357611627926,
            "variance": 0.0027801561956996086,
            "95ci": 0.06546944919766576
        }
    },
    "100": {
        "em": {
            "human_readable": "0.5778 +/- 0.0123",
            "mean": 0.5777777777777777,
            "variance": 9.794918885827995e-05,
            "95ci": 0.012288659505386988
        },
        "f1": {
            "human_readable": "0.6217 +/- 0.0222",
            "mean": 0.6216733293894576,
            "variance": 0.00032006264039562544,
            "95ci": 0.02221373470545123
        }
    }
}