{
    "num_samples": 5,
    "full": {
        "em": {
            "human_readable": "0.2513 +/- 0.0201",
            "mean": 0.25132649304176125,
            "variance": 0.0002610071017519069,
            "95ci": 0.02005996870431098
        },
        "f1": {
            "human_readable": "0.3148 +/- 0.0181",
            "mean": 0.31479147222360426,
            "variance": 0.00021132285967869168,
            "95ci": 0.01805000508315263
        }
    },
    "10": {
        "em": {
            "human_readable": "0.2667 +/- 0.2559",
            "mean": 0.26666666666666666,
            "variance": 0.042469135802469145,
            "95ci": 0.2558826270874132
        },
        "f1": {
            "human_readable": "0.3167 +/- 0.1457",
            "mean": 0.31665541430247307,
            "variance": 0.013769796110681062,
            "95ci": 0.14570278191750624
        }
    },
    "25": {
        "em": {
            "human_readable": "0.2417 +/- 0.1003",
            "mean": 0.24166666666666664,
            "variance": 0.0065277777777777764,
            "95ci": 0.10031982589619039
        },
        "f1": {
            "human_readable": "0.3242 +/- 0.0909",
            "mean": 0.3241825751637782,
            "variance": 0.005364410373708256,
            "95ci": 0.09094212247224573
        }
    },
    "50": {
        "em": {
            "human_readable": "0.2204 +/- 0.1204",
            "mean": 0.2204081632653061,
            "variance": 0.009396084964598084,
            "95ci": 0.12035871895372047
        },
        "f1": {
            "human_readable": "0.3167 +/- 0.0688",
            "mean": 0.3166548272725829,
            "variance": 0.0030717543960839325,
            "95ci": 0.06881725307934443
        }
    },
    "100": {
        "em": {
            "human_readable": "0.2727 +/- 0.0297",
            "mean": 0.27272727272727276,
            "variance": 0.0005713702683399652,
            "95ci": 0.0296799324330341
        },
        "f1": {
            "human_readable": "0.3200 +/- 0.0223",
            "mean": 0.31996359818726106,
            "variance": 0.000322863892407733,
            "95ci": 0.02231073244841076
        }
    }
}