{
    "num_samples": 5,
    "full": {
        "em": {
            "human_readable": "0.2875 +/- 0.0445",
            "mean": 0.28749075568148086,
            "variance": 0.001281597107888152,
            "95ci": 0.044450827308366865
        },
        "f1": {
            "human_readable": "0.3408 +/- 0.0431",
            "mean": 0.34076582882803885,
            "variance": 0.0012037289910347027,
            "95ci": 0.04307928129330656
        }
    },
    "10": {
        "em": {
            "human_readable": "0.3333 +/- 0.1234",
            "mean": 0.3333333333333333,
            "variance": 0.009876543209876543,
            "95ci": 0.12339756023101327
        },
        "f1": {
            "human_readable": "0.4230 +/- 0.0960",
            "mean": 0.42303694843168527,
            "variance": 0.005977313984581259,
            "95ci": 0.09599688123974003
        }
    },
    "25": {
        "em": {
            "human_readable": "0.2917 +/- 0.1180",
            "mean": 0.2916666666666667,
            "variance": 0.009027777777777779,
            "95ci": 0.11797623141518958
        },
        "f1": {
            "human_readable": "0.4761 +/- 0.0451",
            "mean": 0.4761255993110832,
            "variance": 0.0013221136355786097,
            "95ci": 0.04514799634253522
        }
    },
    "50": {
        "em": {
            "human_readable": "0.2857 +/- 0.0785",
            "mean": 0.2857142857142857,
            "variance": 0.003998334027488546,
            "95ci": 0.07851337121026128
        },
        "f1": {
            "human_readable": "0.3714 +/- 0.0736",
            "mean": 0.371395956801246,
            "variance": 0.00351442342500241,
            "95ci": 0.07360903623276513
        }
    },
    "100": {
        "em": {
            "human_readable": "0.2889 +/- 0.0369",
            "mean": 0.28888888888888886,
            "variance": 0.0008815426997245172,
            "95ci": 0.036865978516160906
        },
        "f1": {
            "human_readable": "0.3514 +/- 0.0418",
            "mean": 0.3514210570510249,
            "variance": 0.001132346363234638,
            "95ci": 0.0417824338064694
        }
    }
}