{
    "full": {
        "num_samples": 5,
        "em": {
            "human_readable": "0.1873 +/- 0.0127",
            "mean": 0.18729968731135327,
            "variance": 0.00010483555975590803,
            "95ci": 0.012713303012709513
        }
    },
    "10": {
        "num_samples": 5,
        "em": {
            "human_readable": "0.1556 +/- 0.1407",
            "mean": 0.15555555555555553,
            "variance": 0.012839506172839504,
            "95ci": 0.140694865692592
        }
    },
    "25": {
        "num_samples": 5,
        "em": {
            "human_readable": "0.2083 +/- 0.1349",
            "mean": 0.20833333333333334,
            "variance": 0.011805555555555557,
            "95ci": 0.13491098205905885
        }
    },
    "50": {
        "num_samples": 5,
        "em": {
            "human_readable": "0.2122 +/- 0.0379",
            "mean": 0.21224489795918364,
            "variance": 0.0009329446064139943,
            "95ci": 0.037925561394043995
        }
    },
    "100": {
        "num_samples": 5,
        "em": {
            "human_readable": "0.1657 +/- 0.0401",
            "mean": 0.16565656565656567,
            "variance": 0.0010447913478216508,
            "95ci": 0.04013459388133386
        }
    },
    "250": {
        "num_samples": 5,
        "em": {
            "human_readable": "0.1896 +/- 0.0139",
            "mean": 0.1895582329317269,
            "variance": 0.00012515927162465117,
            "95ci": 0.01389106688898225
        }
    }
}