{
    "full": {
        "num_samples": 5,
        "em": {
            "human_readable": "0.1431 +/- 0.0140",
            "mean": 0.14309417359526316,
            "variance": 0.00012634001523232385,
            "95ci": 0.013956436742510122
        }
    },
    "10": {
        "num_samples": 5,
        "em": {
            "human_readable": "0.2222 +/- 0.1234",
            "mean": 0.22222222222222218,
            "variance": 0.009876543209876543,
            "95ci": 0.12339756023101327
        }
    },
    "25": {
        "num_samples": 5,
        "em": {
            "human_readable": "0.1750 +/- 0.0507",
            "mean": 0.17500000000000002,
            "variance": 0.0016666666666666674,
            "95ci": 0.050690720459721283
        }
    },
    "50": {
        "num_samples": 5,
        "em": {
            "human_readable": "0.1551 +/- 0.0497",
            "mean": 0.15510204081632653,
            "variance": 0.0015993336109954184,
            "95ci": 0.04965621596054329
        }
    },
    "100": {
        "num_samples": 5,
        "em": {
            "human_readable": "0.1515 +/- 0.0159",
            "mean": 0.1515151515151515,
            "variance": 0.00016324864809713282,
            "95ci": 0.01586459120385907
        }
    },
    "250": {
        "num_samples": 5,
        "em": {
            "human_readable": "0.1454 +/- 0.0165",
            "mean": 0.14538152610441765,
            "variance": 0.00017677134239770328,
            "95ci": 0.0165085914171306
        }
    }
}