{
    "full": {
        "num_samples": 5,
        "em": {
            "human_readable": "0.1431 +/- 0.0140",
            "mean": 0.14309417359526316,
            "variance": 0.00012634001523232385,
            "95ci": 0.013956436742510122
        }
    },
    "10": {
        "num_samples": 5,
        "em": {
            "human_readable": "0.0667 +/- 0.0676",
            "mean": 0.06666666666666667,
            "variance": 0.002962962962962963,
            "95ci": 0.06758762727962836
        }
    },
    "25": {
        "num_samples": 5,
        "em": {
            "human_readable": "0.1750 +/- 0.0603",
            "mean": 0.175,
            "variance": 0.002361111111111111,
            "95ci": 0.06033402535906202
        }
    },
    "50": {
        "num_samples": 5,
        "em": {
            "human_readable": "0.1551 +/- 0.0691",
            "mean": 0.15510204081632656,
            "variance": 0.0030987088713036242,
            "95ci": 0.06911852740452608
        }
    },
    "100": {
        "num_samples": 5,
        "em": {
            "human_readable": "0.1616 +/- 0.0263",
            "mean": 0.1616161616161616,
            "variance": 0.00044893378226711555,
            "95ci": 0.02630844823778661
        }
    },
    "250": {
        "num_samples": 5,
        "em": {
            "human_readable": "0.1470 +/- 0.0121",
            "mean": 0.1469879518072289,
            "variance": 9.419202916081994e-05,
            "95ci": 0.012050669216107113
        }
    }
}