{
    "num_samples": 5,
    "full": {
        "em": {
            "human_readable": "0.1248 +/- 0.0114",
            "mean": 0.12476244422230809,
            "variance": 8.361373818168954e-05,
            "95ci": 0.011353843642510214
        },
        "f1": {
            "human_readable": "0.1673 +/- 0.0115",
            "mean": 0.16730428402064046,
            "variance": 8.651528151540922e-05,
            "95ci": 0.01154916275608462
        }
    },
    "10": {
        "em": {
            "human_readable": "0.0889 +/- 0.1609",
            "mean": 0.08888888888888888,
            "variance": 0.01679012345679012,
            "95ci": 0.16089073429083206
        },
        "f1": {
            "human_readable": "0.1942 +/- 0.1333",
            "mean": 0.1941558817928145,
            "variance": 0.011531780603742336,
            "95ci": 0.13333748971999357
        }
    },
    "25": {
        "em": {
            "human_readable": "0.1333 +/- 0.0890",
            "mean": 0.13333333333333333,
            "variance": 0.005138888888888889,
            "95ci": 0.0890099798743786
        },
        "f1": {
            "human_readable": "0.1327 +/- 0.0923",
            "mean": 0.13269008769008767,
            "variance": 0.005522605279644073,
            "95ci": 0.09227330811521646
        }
    },
    "50": {
        "em": {
            "human_readable": "0.1306 +/- 0.0203",
            "mean": 0.1306122448979592,
            "variance": 0.00026655560183256965,
            "95ci": 0.020272065276796186
        },
        "f1": {
            "human_readable": "0.1947 +/- 0.0575",
            "mean": 0.194711619141739,
            "variance": 0.0021411421585377953,
            "95ci": 0.05745486921215029
        }
    },
    "100": {
        "em": {
            "human_readable": "0.1192 +/- 0.0349",
            "mean": 0.11919191919191918,
            "variance": 0.0007917559432710948,
            "95ci": 0.034938137932894756
        },
        "f1": {
            "human_readable": "0.1574 +/- 0.0373",
            "mean": 0.15739468537262263,
            "variance": 0.0009023900209853457,
            "95ci": 0.037299347203581905
        }
    },
    "250": {
        "em": {
            "human_readable": "0.1261 +/- 0.0196",
            "mean": 0.12610441767068276,
            "variance": 0.000249028241479976,
            "95ci": 0.019594238498772246
        },
        "f1": {
            "human_readable": "0.1687 +/- 0.0130",
            "mean": 0.16865021249399864,
            "variance": 0.00010926007817282866,
            "95ci": 0.01297880903591553
        }
    }
}