{
    "full": {
        "num_samples": 5,
        "em": {
            "human_readable": "0.1431 +/- 0.0140",
            "mean": 0.14309417359526316,
            "variance": 0.00012634001523232385,
            "95ci": 0.013956436742510122
        }
    },
    "10": {
        "num_samples": 5,
        "em": {
            "human_readable": "0.1333 +/- 0.1032",
            "mean": 0.13333333333333336,
            "variance": 0.00691358024691358,
            "95ci": 0.10324180601711976
        }
    },
    "25": {
        "num_samples": 5,
        "em": {
            "human_readable": "0.2083 +/- 0.1180",
            "mean": 0.20833333333333334,
            "variance": 0.009027777777777777,
            "95ci": 0.11797623141518955
        }
    },
    "50": {
        "num_samples": 5,
        "em": {
            "human_readable": "0.1224 +/- 0.0752",
            "mean": 0.12244897959183673,
            "variance": 0.0036651395251978344,
            "95ci": 0.07517082991804021
        }
    },
    "100": {
        "num_samples": 5,
        "em": {
            "human_readable": "0.1576 +/- 0.0505",
            "mean": 0.1575757575757576,
            "variance": 0.0016569737781858996,
            "95ci": 0.05054310367167278
        }
    },
    "250": {
        "num_samples": 5,
        "em": {
            "human_readable": "0.1534 +/- 0.0097",
            "mean": 0.1534136546184739,
            "variance": 6.064418315833613e-05,
            "95ci": 0.00966938080927136
        }
    }
}