{
    "full": {
        "num_samples": 5,
        "em": {
            "human_readable": "0.2872 +/- 0.0069",
            "mean": 0.2871779836508743,
            "variance": 3.111008754286348e-05,
            "95ci": 0.006925556961587849
        }
    },
    "10": {
        "num_samples": 5,
        "em": {
            "human_readable": "0.3333 +/- 0.2468",
            "mean": 0.3333333333333333,
            "variance": 0.03950617283950617,
            "95ci": 0.24679512046202653
        }
    },
    "25": {
        "num_samples": 5,
        "em": {
            "human_readable": "0.2583 +/- 0.0828",
            "mean": 0.2583333333333333,
            "variance": 0.004444444444444444,
            "95ci": 0.0827775998802511
        }
    },
    "50": {
        "num_samples": 5,
        "em": {
            "human_readable": "0.3224 +/- 0.0629",
            "mean": 0.3224489795918367,
            "variance": 0.002565597667638484,
            "95ci": 0.06289242855381601
        }
    },
    "100": {
        "num_samples": 5,
        "em": {
            "human_readable": "0.2970 +/- 0.0377",
            "mean": 0.296969696969697,
            "variance": 0.0009223548617488008,
            "95ci": 0.03770970280273274
        }
    },
    "250": {
        "num_samples": 5,
        "em": {
            "human_readable": "0.2819 +/- 0.0171",
            "mean": 0.2819277108433735,
            "variance": 0.00018967436009096616,
            "95ci": 0.017100484010508375
        }
    }
}