{
    "num_samples": 5,
    "full": {
        "em": {
            "human_readable": "0.2127 +/- 0.0122",
            "mean": 0.21273235399036397,
            "variance": 9.638592106697216e-05,
            "95ci": 0.012190201655157742
        },
        "f1": {
            "human_readable": "0.2644 +/- 0.0096",
            "mean": 0.2643792218503565,
            "variance": 5.9859292642292815e-05,
            "95ci": 0.0096066037903136
        }
    },
    "10": {
        "em": {
            "human_readable": "0.1111 +/- 0.1234",
            "mean": 0.11111111111111112,
            "variance": 0.009876543209876543,
            "95ci": 0.12339756023101327
        },
        "f1": {
            "human_readable": "0.3159 +/- 0.0648",
            "mean": 0.3159142188665935,
            "variance": 0.002726266498174409,
            "95ci": 0.06483182430461011
        }
    },
    "25": {
        "em": {
            "human_readable": "0.1667 +/- 0.0732",
            "mean": 0.16666666666666669,
            "variance": 0.003472222222222223,
            "95ci": 0.07316575275709038
        },
        "f1": {
            "human_readable": "0.3247 +/- 0.0404",
            "mean": 0.32465444609107297,
            "variance": 0.0010594895500020188,
            "95ci": 0.04041591614313929
        }
    },
    "50": {
        "em": {
            "human_readable": "0.2204 +/- 0.0854",
            "mean": 0.2204081632653061,
            "variance": 0.004731361932528113,
            "95ci": 0.08540772911694627
        },
        "f1": {
            "human_readable": "0.2602 +/- 0.0639",
            "mean": 0.2601893456373024,
            "variance": 0.0026500189477011407,
            "95ci": 0.06391879493531792
        }
    },
    "100": {
        "em": {
            "human_readable": "0.2242 +/- 0.0349",
            "mean": 0.22424242424242422,
            "variance": 0.0007917559432710955,
            "95ci": 0.034938137932894776
        },
        "f1": {
            "human_readable": "0.2365 +/- 0.0596",
            "mean": 0.23646481556051233,
            "variance": 0.0023043386473959046,
            "95ci": 0.059604251818256807
        }
    },
    "250": {
        "em": {
            "human_readable": "0.2032 +/- 0.0248",
            "mean": 0.20321285140562248,
            "variance": 0.0003974129449525009,
            "95ci": 0.02475284336656212
        },
        "f1": {
            "human_readable": "0.2643 +/- 0.0110",
            "mean": 0.26431174052740325,
            "variance": 7.86578586154445e-05,
            "95ci": 0.011012226832479386
        }
    }
}