{
    "num_samples": 5,
    "full": {
        "em": {
            "human_readable": "0.1873 +/- 0.0127",
            "mean": 0.18729968731135327,
            "variance": 0.00010483555975590803,
            "95ci": 0.012713303012709513
        },
        "f1": {
            "human_readable": "0.2467 +/- 0.0111",
            "mean": 0.24665337578510343,
            "variance": 8.001970048424488e-05,
            "95ci": 0.0111071477694432
        }
    },
    "10": {
        "em": {
            "human_readable": "0.3111 +/- 0.2814",
            "mean": 0.3111111111111111,
            "variance": 0.05135802469135803,
            "95ci": 0.2813897313851841
        },
        "f1": {
            "human_readable": "0.2669 +/- 0.1415",
            "mean": 0.26692598406884127,
            "variance": 0.012979682390800978,
            "95ci": 0.14146080390166157
        }
    },
    "25": {
        "em": {
            "human_readable": "0.2250 +/- 0.1333",
            "mean": 0.225,
            "variance": 0.011527777777777777,
            "95ci": 0.13331434615231313
        },
        "f1": {
            "human_readable": "0.2578 +/- 0.0519",
            "mean": 0.2577947376878389,
            "variance": 0.0017444112692248039,
            "95ci": 0.05185952455186216
        }
    },
    "50": {
        "em": {
            "human_readable": "0.1878 +/- 0.0336",
            "mean": 0.1877551020408163,
            "variance": 0.0007330279050395669,
            "95ci": 0.033617417124362566
        },
        "f1": {
            "human_readable": "0.2625 +/- 0.0740",
            "mean": 0.26248765996070744,
            "variance": 0.003548256273406643,
            "95ci": 0.0739624993834292
        }
    },
    "100": {
        "em": {
            "human_readable": "0.1899 +/- 0.0408",
            "mean": 0.18989898989898993,
            "variance": 0.0010774410774410776,
            "95ci": 0.04075687275580298
        },
        "f1": {
            "human_readable": "0.2448 +/- 0.0264",
            "mean": 0.24480272926443253,
            "variance": 0.00045154267760668233,
            "95ci": 0.02638478083189462
        }
    },
    "250": {
        "em": {
            "human_readable": "0.1888 +/- 0.0254",
            "mean": 0.18875502008032127,
            "variance": 0.000419348075031048,
            "95ci": 0.025426782956492543
        },
        "f1": {
            "human_readable": "0.2260 +/- 0.0197",
            "mean": 0.225974023510943,
            "variance": 0.00025194481048498537,
            "95ci": 0.019708646396320112
        }
    }
}