{
    "num_samples": 5,
    "full": {
        "em": {
            "human_readable": "0.1454 +/- 0.0165",
            "mean": 0.14541230062153299,
            "variance": 0.00017714630576038618,
            "95ci": 0.01652609096700092
        },
        "f1": {
            "human_readable": "0.1951 +/- 0.0175",
            "mean": 0.19513352901270237,
            "variance": 0.00019796273035040742,
            "95ci": 0.01747011671971743
        }
    },
    "10": {
        "em": {
            "human_readable": "0.0667 +/- 0.0676",
            "mean": 0.06666666666666667,
            "variance": 0.0029629629629629632,
            "95ci": 0.06758762727962836
        },
        "f1": {
            "human_readable": "0.1477 +/- 0.0842",
            "mean": 0.14766648421820835,
            "variance": 0.004603386324607597,
            "95ci": 0.08424474122990747
        }
    },
    "25": {
        "em": {
            "human_readable": "0.0917 +/- 0.0507",
            "mean": 0.09166666666666666,
            "variance": 0.0016666666666666666,
            "95ci": 0.05069072045972127
        },
        "f1": {
            "human_readable": "0.2020 +/- 0.0464",
            "mean": 0.2019725747735687,
            "variance": 0.0013993357904040237,
            "95ci": 0.04644779054693072
        }
    },
    "50": {
        "em": {
            "human_readable": "0.1429 +/- 0.0507",
            "mean": 0.14285714285714285,
            "variance": 0.0016659725114535613,
            "95ci": 0.05068016319199047
        },
        "f1": {
            "human_readable": "0.1950 +/- 0.0914",
            "mean": 0.19498956380501203,
            "variance": 0.0054243800327598846,
            "95ci": 0.0914490384382929
        }
    },
    "100": {
        "em": {
            "human_readable": "0.1495 +/- 0.0472",
            "mean": 0.14949494949494951,
            "variance": 0.0014447505356596263,
            "95ci": 0.04719549235340416
        },
        "f1": {
            "human_readable": "0.1763 +/- 0.0335",
            "mean": 0.17626770841928874,
            "variance": 0.0007276920695042593,
            "95ci": 0.033494840186878094
        }
    },
    "250": {
        "em": {
            "human_readable": "0.1406 +/- 0.0105",
            "mean": 0.14056224899598393,
            "variance": 7.096659731294654e-05,
            "95ci": 0.010459985443939255
        },
        "f1": {
            "human_readable": "0.1938 +/- 0.0324",
            "mean": 0.1938376491345965,
            "variance": 0.0006789841306687781,
            "95ci": 0.032354441019986246
        }
    }
}