{
    "num_samples": 5,
    "full": {
        "em": {
            "human_readable": "0.3178 +/- 0.0148",
            "mean": 0.3178193409607792,
            "variance": 0.00014199885891010851,
            "95ci": 0.01479607473412768
        },
        "f1": {
            "human_readable": "0.3831 +/- 0.0191",
            "mean": 0.3831480921969453,
            "variance": 0.00023673340431969828,
            "95ci": 0.01910442015321158
        }
    },
    "10": {
        "em": {
            "human_readable": "0.2889 +/- 0.1871",
            "mean": 0.28888888888888886,
            "variance": 0.022716049382716052,
            "95ci": 0.18714166586632458
        },
        "f1": {
            "human_readable": "0.4660 +/- 0.1834",
            "mean": 0.46599374893116907,
            "variance": 0.021820786863813772,
            "95ci": 0.18341687621787026
        }
    },
    "25": {
        "em": {
            "human_readable": "0.3000 +/- 0.0890",
            "mean": 0.3,
            "variance": 0.005138888888888889,
            "95ci": 0.0890099798743786
        },
        "f1": {
            "human_readable": "0.3328 +/- 0.1143",
            "mean": 0.33282238415040405,
            "variance": 0.00847757513074066,
            "95ci": 0.11432465847567116
        }
    },
    "50": {
        "em": {
            "human_readable": "0.2980 +/- 0.0727",
            "mean": 0.29795918367346935,
            "variance": 0.0034319033735943348,
            "95ci": 0.072739718303026
        },
        "f1": {
            "human_readable": "0.4176 +/- 0.0455",
            "mean": 0.41755560002192366,
            "variance": 0.0013443681857704865,
            "95ci": 0.04552638872060067
        }
    },
    "100": {
        "em": {
            "human_readable": "0.3394 +/- 0.0439",
            "mean": 0.33939393939393936,
            "variance": 0.0012488521579430666,
            "95ci": 0.043879291170226924
        },
        "f1": {
            "human_readable": "0.3867 +/- 0.0452",
            "mean": 0.3866649601171791,
            "variance": 0.001324493625151653,
            "95ci": 0.04518861442712072
        }
    },
    "250": {
        "em": {
            "human_readable": "0.3365 +/- 0.0162",
            "mean": 0.3365461847389558,
            "variance": 0.00017031983355107183,
            "95ci": 0.0162045397703795
        },
        "f1": {
            "human_readable": "0.3815 +/- 0.0263",
            "mean": 0.3815020452203329,
            "variance": 0.00044901642098921934,
            "95ci": 0.02631086952639006
        }
    }
}