{
    "num_samples": 5,
    "full": {
        "em": {
            "human_readable": "0.3863 +/- 0.0350",
            "mean": 0.38625073768181295,
            "variance": 0.0007960989796431388,
            "95ci": 0.0350338303564531
        },
        "f1": {
            "human_readable": "0.4263 +/- 0.0338",
            "mean": 0.4262681533864667,
            "variance": 0.000740003133306271,
            "95ci": 0.03377698401564045
        }
    },
    "10": {
        "em": {
            "human_readable": "0.4889 +/- 0.2242",
            "mean": 0.48888888888888893,
            "variance": 0.032592592592592604,
            "95ci": 0.2241628001569164
        },
        "f1": {
            "human_readable": "0.5159 +/- 0.1842",
            "mean": 0.5158988256549233,
            "variance": 0.022008782087218643,
            "95ci": 0.18420528836159358
        }
    },
    "25": {
        "em": {
            "human_readable": "0.3500 +/- 0.1161",
            "mean": 0.35,
            "variance": 0.008749999999999999,
            "95ci": 0.11614703176925972
        },
        "f1": {
            "human_readable": "0.4609 +/- 0.2280",
            "mean": 0.4608650446890524,
            "variance": 0.033711961138827864,
            "95ci": 0.22797965800893305
        }
    },
    "50": {
        "em": {
            "human_readable": "0.4449 +/- 0.0839",
            "mean": 0.44489795918367336,
            "variance": 0.00456476468138276,
            "95ci": 0.08389059720133717
        },
        "f1": {
            "human_readable": "0.4338 +/- 0.0324",
            "mean": 0.43376750935948855,
            "variance": 0.0006826771478170624,
            "95ci": 0.03244231013876484
        }
    },
    "100": {
        "em": {
            "human_readable": "0.3596 +/- 0.0657",
            "mean": 0.3595959595959596,
            "variance": 0.0027997143148658287,
            "95ci": 0.06569933110180347
        },
        "f1": {
            "human_readable": "0.4365 +/- 0.0344",
            "mean": 0.43654533100876947,
            "variance": 0.0007691451414846963,
            "95ci": 0.034435646392033434
        }
    },
    "250": {
        "em": {
            "human_readable": "0.4040 +/- 0.0375",
            "mean": 0.4040160642570282,
            "variance": 0.0009135336526830209,
            "95ci": 0.0375289457268033
        },
        "f1": {
            "human_readable": "0.4299 +/- 0.0429",
            "mean": 0.4298833616794927,
            "variance": 0.0011928460414379238,
            "95ci": 0.04288409859699576
        }
    }
}