{
    "num_samples": 5,
    "full": {
        "em": {
            "human_readable": "0.2872 +/- 0.0069",
            "mean": 0.2871779836508743,
            "variance": 3.111008754286348e-05,
            "95ci": 0.006925556961587849
        },
        "f1": {
            "human_readable": "0.3720 +/- 0.0146",
            "mean": 0.3719795866537735,
            "variance": 0.00013909953694702951,
            "95ci": 0.01464424314816377
        }
    },
    "10": {
        "em": {
            "human_readable": "0.2444 +/- 0.2207",
            "mean": 0.24444444444444446,
            "variance": 0.03160493827160493,
            "95ci": 0.22074026634733623
        },
        "f1": {
            "human_readable": "0.2985 +/- 0.2098",
            "mean": 0.29846431797651307,
            "variance": 0.028541000074258506,
            "95ci": 0.20976773186016057
        }
    },
    "25": {
        "em": {
            "human_readable": "0.3083 +/- 0.1065",
            "mean": 0.30833333333333335,
            "variance": 0.0073611111111111125,
            "95ci": 0.10653094404070941
        },
        "f1": {
            "human_readable": "0.3538 +/- 0.1545",
            "mean": 0.35378778293532304,
            "variance": 0.015476099626301953,
            "95ci": 0.15446669251954875
        }
    },
    "50": {
        "em": {
            "human_readable": "0.2653 +/- 0.0453",
            "mean": 0.2653061224489796,
            "variance": 0.0013327780091628486,
            "95ci": 0.04532971600322937
        },
        "f1": {
            "human_readable": "0.4741 +/- 0.0754",
            "mean": 0.4740626909042339,
            "variance": 0.0036855155258138303,
            "95ci": 0.07537949291081417
        }
    },
    "100": {
        "em": {
            "human_readable": "0.2970 +/- 0.0188",
            "mean": 0.296969696969697,
            "variance": 0.00022854810733598653,
            "95ci": 0.018771237457658154
        },
        "f1": {
            "human_readable": "0.3500 +/- 0.0430",
            "mean": 0.3500088719901793,
            "variance": 0.0011999349896794896,
            "95ci": 0.0430113374936715
        }
    },
    "250": {
        "em": {
            "human_readable": "0.2948 +/- 0.0177",
            "mean": 0.2947791164658634,
            "variance": 0.00020386767955355556,
            "95ci": 0.01772875665384172
        },
        "f1": {
            "human_readable": "0.3843 +/- 0.0171",
            "mean": 0.38432632773887276,
            "variance": 0.00018856728931896348,
            "95ci": 0.017050505850064963
        }
    }
}