{
    "num_samples": 5,
    "full": {
        "em": {
            "human_readable": "0.1503 +/- 0.0217",
            "mean": 0.15028326971503625,
            "variance": 0.0003055874373496748,
            "95ci": 0.021705602093354558
        },
        "f1": {
            "human_readable": "0.1958 +/- 0.0205",
            "mean": 0.19581681679103036,
            "variance": 0.0002732984964969355,
            "95ci": 0.020526868979490766
        }
    },
    "10": {
        "em": {
            "human_readable": "0.2222 +/- 0.1234",
            "mean": 0.22222222222222224,
            "variance": 0.009876543209876543,
            "95ci": 0.12339756023101327
        },
        "f1": {
            "human_readable": "0.2270 +/- 0.0198",
            "mean": 0.22704320197277944,
            "variance": 0.00025479431167122044,
            "95ci": 0.019819785638849226
        }
    },
    "25": {
        "em": {
            "human_readable": "0.1583 +/- 0.0603",
            "mean": 0.15833333333333335,
            "variance": 0.0023611111111111116,
            "95ci": 0.060334025359062037
        },
        "f1": {
            "human_readable": "0.2538 +/- 0.1174",
            "mean": 0.2538391265215057,
            "variance": 0.008932340687290614,
            "95ci": 0.11735098211185782
        }
    },
    "50": {
        "em": {
            "human_readable": "0.1429 +/- 0.0661",
            "mean": 0.14285714285714285,
            "variance": 0.002832153269471054,
            "95ci": 0.06607884835545741
        },
        "f1": {
            "human_readable": "0.1715 +/- 0.0706",
            "mean": 0.1715026504684574,
            "variance": 0.003229765204295303,
            "95ci": 0.07056503555774257
        }
    },
    "100": {
        "em": {
            "human_readable": "0.1495 +/- 0.0279",
            "mean": 0.14949494949494951,
            "variance": 0.0005060708091011122,
            "95ci": 0.027932495191143325
        },
        "f1": {
            "human_readable": "0.1891 +/- 0.0187",
            "mean": 0.1891228928683976,
            "variance": 0.0002276800441800778,
            "95ci": 0.018735555426246962
        }
    },
    "250": {
        "em": {
            "human_readable": "0.1526 +/- 0.0273",
            "mean": 0.15261044176706826,
            "variance": 0.00048386316349736307,
            "95ci": 0.027312746211174983
        },
        "f1": {
            "human_readable": "0.2011 +/- 0.0228",
            "mean": 0.20111261397628719,
            "variance": 0.0003360184943698162,
            "95ci": 0.022760703418073958
        }
    }
}