{
    "full": {
        "num_samples": 5,
        "em": {
            "human_readable": "0.1431 +/- 0.0140",
            "mean": 0.14309417359526316,
            "variance": 0.00012634001523232385,
            "95ci": 0.013956436742510122
        }
    },
    "10": {
        "num_samples": 5,
        "em": {
            "human_readable": "0.1556 +/- 0.1871",
            "mean": 0.15555555555555553,
            "variance": 0.02271604938271605,
            "95ci": 0.18714166586632452
        }
    },
    "25": {
        "num_samples": 5,
        "em": {
            "human_readable": "0.1583 +/- 0.0828",
            "mean": 0.15833333333333333,
            "variance": 0.004444444444444445,
            "95ci": 0.08277759988025112
        }
    },
    "50": {
        "num_samples": 5,
        "em": {
            "human_readable": "0.1510 +/- 0.0258",
            "mean": 0.15102040816326529,
            "variance": 0.000433152852977926,
            "95ci": 0.025841914106802623
        }
    },
    "100": {
        "num_samples": 5,
        "em": {
            "human_readable": "0.1495 +/- 0.0184",
            "mean": 0.14949494949494951,
            "variance": 0.00022038567493112946,
            "95ci": 0.018432989258080464
        }
    },
    "250": {
        "num_samples": 5,
        "em": {
            "human_readable": "0.1406 +/- 0.0236",
            "mean": 0.14056224899598393,
            "variance": 0.00036128449541136424,
            "95ci": 0.0236009101274729
        }
    }
}