{
    "full": {
        "num_samples": 5,
        "em": {
            "human_readable": "0.1248 +/- 0.0114",
            "mean": 0.12476244422230809,
            "variance": 8.361373818168954e-05,
            "95ci": 0.011353843642510214
        }
    },
    "10": {
        "num_samples": 5,
        "em": {
            "human_readable": "0.1556 +/- 0.1871",
            "mean": 0.15555555555555553,
            "variance": 0.02271604938271605,
            "95ci": 0.18714166586632452
        }
    },
    "25": {
        "num_samples": 5,
        "em": {
            "human_readable": "0.1500 +/- 0.0774",
            "mean": 0.15,
            "variance": 0.0038888888888888896,
            "95ci": 0.07743135451283982
        }
    },
    "50": {
        "num_samples": 5,
        "em": {
            "human_readable": "0.1469 +/- 0.0436",
            "mean": 0.14693877551020407,
            "variance": 0.0012328196584756354,
            "95ci": 0.04359672483643034
        }
    },
    "100": {
        "num_samples": 5,
        "em": {
            "human_readable": "0.1192 +/- 0.0243",
            "mean": 0.11919191919191918,
            "variance": 0.00038363432302826234,
            "95ci": 0.02431995779301585
        }
    },
    "250": {
        "num_samples": 5,
        "em": {
            "human_readable": "0.1205 +/- 0.0216",
            "mean": 0.12048192771084339,
            "variance": 0.0003032209157916809,
            "95ci": 0.021621392789862703
        }
    }
}