{
    "num_samples": 5,
    "full": {
        "em": {
            "human_readable": "0.2297 +/- 0.0197",
            "mean": 0.22974913013618065,
            "variance": 0.0002512139171309503,
            "95ci": 0.0196800381844469
        },
        "f1": {
            "human_readable": "0.2743 +/- 0.0226",
            "mean": 0.27432859416919836,
            "variance": 0.00033006583667443735,
            "95ci": 0.022558196563684057
        }
    },
    "10": {
        "em": {
            "human_readable": "0.2444 +/- 0.2028",
            "mean": 0.24444444444444446,
            "variance": 0.026666666666666672,
            "95ci": 0.2027628818388851
        },
        "f1": {
            "human_readable": "0.2971 +/- 0.1155",
            "mean": 0.2970908648520588,
            "variance": 0.008646763688117513,
            "95ci": 0.11545982211538278
        }
    },
    "25": {
        "em": {
            "human_readable": "0.1750 +/- 0.1105",
            "mean": 0.175,
            "variance": 0.007916666666666669,
            "95ci": 0.11047786392959735
        },
        "f1": {
            "human_readable": "0.2838 +/- 0.0796",
            "mean": 0.2838038625217642,
            "variance": 0.004112421005376876,
            "95ci": 0.07962562851495018
        }
    },
    "50": {
        "em": {
            "human_readable": "0.2000 +/- 0.0741",
            "mean": 0.2,
            "variance": 0.003565181174510621,
            "95ci": 0.07413868716194616
        },
        "f1": {
            "human_readable": "0.2838 +/- 0.0676",
            "mean": 0.2838479543965956,
            "variance": 0.0029630179292729738,
            "95ci": 0.06758825419013839
        }
    },
    "100": {
        "em": {
            "human_readable": "0.2263 +/- 0.0393",
            "mean": 0.2262626262626263,
            "variance": 0.0010039791857973685,
            "95ci": 0.03934290676225147
        },
        "f1": {
            "human_readable": "0.3048 +/- 0.0508",
            "mean": 0.304816555310532,
            "variance": 0.00167326127445682,
            "95ci": 0.05079090707985015
        }
    },
    "250": {
        "em": {
            "human_readable": "0.2329 +/- 0.0197",
            "mean": 0.23293172690763053,
            "variance": 0.0002516088450186285,
            "95ci": 0.019695501387625228
        },
        "f1": {
            "human_readable": "0.2778 +/- 0.0305",
            "mean": 0.27776258103360063,
            "variance": 0.000603139135147001,
            "95ci": 0.030493890992672232
        }
    }
}