{
    "num_samples": 5,
    "full": {
        "em": {
            "human_readable": "0.1873 +/- 0.0127",
            "mean": 0.18729968731135327,
            "variance": 0.00010483555975590803,
            "95ci": 0.012713303012709513
        },
        "f1": {
            "human_readable": "0.2467 +/- 0.0111",
            "mean": 0.24665337578510343,
            "variance": 8.001970048424488e-05,
            "95ci": 0.0111071477694432
        }
    },
    "10": {
        "em": {
            "human_readable": "0.3111 +/- 0.2207",
            "mean": 0.3111111111111111,
            "variance": 0.031604938271604946,
            "95ci": 0.2207402663473363
        },
        "f1": {
            "human_readable": "0.2857 +/- 0.1091",
            "mean": 0.28570559823787234,
            "variance": 0.007722600418261794,
            "95ci": 0.10911535529588434
        }
    },
    "25": {
        "em": {
            "human_readable": "0.1917 +/- 0.1014",
            "mean": 0.19166666666666665,
            "variance": 0.006666666666666668,
            "95ci": 0.10138144091944255
        },
        "f1": {
            "human_readable": "0.2729 +/- 0.0658",
            "mean": 0.27290108470742186,
            "variance": 0.0028079923342083763,
            "95ci": 0.06579638723909947
        }
    },
    "50": {
        "em": {
            "human_readable": "0.2082 +/- 0.0372",
            "mean": 0.20816326530612245,
            "variance": 0.0008996251561849232,
            "95ci": 0.037242161970407466
        },
        "f1": {
            "human_readable": "0.2405 +/- 0.0404",
            "mean": 0.24052107591169247,
            "variance": 0.0010599655012619826,
            "95ci": 0.04042499308323883
        }
    },
    "100": {
        "em": {
            "human_readable": "0.2040 +/- 0.0563",
            "mean": 0.20404040404040402,
            "variance": 0.0020569329660238738,
            "95ci": 0.056313712372974396
        },
        "f1": {
            "human_readable": "0.2504 +/- 0.0538",
            "mean": 0.25040116476353436,
            "variance": 0.0018748733515513121,
            "95ci": 0.05376381241754351
        }
    },
    "250": {
        "em": {
            "human_readable": "0.1823 +/- 0.0211",
            "mean": 0.1823293172690763,
            "variance": 0.0002877372945597654,
            "95ci": 0.02106212408078666
        },
        "f1": {
            "human_readable": "0.2425 +/- 0.0154",
            "mean": 0.24254579748189217,
            "variance": 0.00015347716006965242,
            "95ci": 0.01538246608534499
        }
    }
}