{
    "num_samples": 5,
    "Jaccard": {
        "human_readable": "0.2282 +/- 0.0022",
        "mean": 0.22815631864168742,
        "variance": 3.228634248122587e-06,
        "95ci": 0.002231071629237482
    }
}