{
    "num_samples": 5,
    "Jaccard": {
        "human_readable": "0.2235 \u00b1 0.0029",
        "mean": 0.22345051057804635,
        "variance": 5.304933481068379e-06,
        "\u00b1(95ci)": 0.002859855304159889
    }
}