{
    "num_samples": 5,
    "Jaccard": {
        "human_readable": "0.2281 +/- 0.0015",
        "mean": 0.22806704301053543,
        "variance": 1.51522794486073e-06,
        "95ci": 0.001528421276426165
    }
}