{
    "num_samples": 5,
    "Jaccard": {
        "human_readable": "0.2270 +/- 0.0029",
        "mean": 0.22695734103569362,
        "variance": 5.508889231846243e-06,
        "95ci": 0.0029143124326718698
    }
}