{
    "num_samples": 5,
    "Jaccard": {
        "human_readable": "0.2285 \u00b1 0.0026",
        "mean": 0.22850152889827866,
        "variance": 4.528079149304758e-06,
        "\u00b1(95ci)": 0.002642172048209605
    }
}