{
    "num_samples": 5,
    "Jaccard": {
        "human_readable": "0.2275 +/- 0.0030",
        "mean": 0.22749529597570714,
        "variance": 5.908227755935278e-06,
        "95ci": 0.003018093592333544
    }
}